ply
format ascii 1.0
element vertex 2779
property float x
property float y
property float z
property uchar red
property uchar green
property uchar blue
end_header
-0.821514 0.004616 4.606991 14 15 9
-0.820580 -0.036380 4.625156 25 26 21
-0.821850 -0.056266 4.636653 52 52 44
-0.811158 0.045799 4.588981 233 234 228
-0.817696 -0.052875 4.633846 210 210 202
-0.812021 0.009002 4.603887 204 210 196
-0.814868 -0.042041 4.624232 7 10 1
-0.808747 0.041681 4.587392 1 1 0
-0.804815 0.080455 4.570024 223 224 218
-0.814214 -0.052188 4.634856 13 14 8
-0.807679 0.024953 4.596119 223 225 212
-0.807679 0.024953 4.596119 216 219 200
-0.802273 0.040196 4.587173 41 42 37
-0.806817 -0.041510 4.626455 189 190 182
-0.807987 -0.052422 4.634723 17 15 3
-0.798491 0.044188 4.586607 217 218 210
-0.798494 0.044191 4.586607 217 218 210
-0.801631 0.007979 4.602111 206 206 196
-0.805469 -0.044604 4.625659 4 4 2
-0.818140 -0.044152 4.662859 4 4 2
-0.800466 -0.022172 4.619191 179 181 167
-0.800466 -0.022172 4.619191 179 181 167
-0.793435 0.058610 4.580251 53 54 46
-0.799437 -0.047914 4.623805 0 0 0
-0.798915 -0.043158 4.625181 190 192 179
-0.800379 -0.056418 4.633232 198 201 190
-0.794786 -0.000669 4.605676 60 60 60
-0.794480 -0.009711 4.607958 68 70 57
-0.794480 -0.009711 4.607958 68 70 57
-0.796366 -0.027468 4.619860 40 41 35
-0.790055 0.043229 4.585235 194 195 187
-0.790055 0.043229 4.585235 194 195 187
-0.798870 -0.082330 4.637008 224 225 207
-0.793828 -0.016174 4.612392 74 75 70
-0.796435 -0.046316 4.627304 12 12 10
-0.785585 0.078664 4.569272 29 31 20
-0.785466 0.084449 4.568268 224 227 210
-0.787058 0.038434 4.588871 77 77 77
-0.785943 0.047524 4.584913 32 32 34
-0.782966 0.076297 4.569333 52 53 47
-0.789959 -0.012458 4.611167 222 224 213
-0.783110 0.062723 4.573449 55 61 51
-0.780882 0.090207 4.563716 68 72 58
-0.780882 0.090207 4.563716 68 72 58
-0.789080 -0.022619 4.615265 224 225 211
-0.789084 -0.022616 4.615264 224 225 211
-0.778629 0.106998 4.557049 231 234 227
-0.784597 0.018104 4.595073 35 35 35
-0.784597 0.018104 4.595073 35 35 35
-0.782892 0.056451 4.578599 229 231 217
-0.781055 0.052216 4.570592 225 226 212
-0.781714 0.041850 4.586300 218 228 217
-0.795316 0.036985 4.617649 224 225 220
-0.784954 -0.029478 4.618030 56 57 49
-0.784958 -0.029475 4.618030 56 57 49
-0.785731 -0.041235 4.622576 25 26 21
-0.780785 0.039803 4.584397 17 18 12
-0.789796 -0.060124 4.631095 72 75 68
-0.783533 -0.017046 4.613254 45 45 33
-0.789692 0.225404 4.641054 179 177 162
-0.800078 0.234349 4.692977 61 61 61
-0.773634 0.222130 4.597097 16 17 11
-0.795622 0.223505 4.676001 16 17 11
-0.781012 -0.131379 4.667499 9 16 9
-0.781012 -0.131379 4.667499 43 60 41
-0.781214 -0.148645 4.675220 33 46 29
-0.781839 -0.165783 4.683051 4 12 0
-0.787651 -0.294312 4.743506 69 88 68
-0.782697 -0.243036 4.715795 38 66 44
-0.787835 -0.315151 4.754271 36 55 35
-0.789242 -0.334115 4.765046 61 78 59
-0.786977 -0.349505 4.769995 40 66 41
-0.768256 -0.112666 4.653234 218 225 209
-0.789006 -0.375456 4.786341 56 74 58
-0.789024 -0.375474 4.786339 56 74 58
-0.785747 -0.309195 4.755550 182 195 165
-0.794125 -0.311965 4.780254 182 195 165
-0.779546 -0.269027 4.732668 206 201 195
-0.783265 -0.320508 4.757594 177 196 166
-0.783263 -0.320510 4.757594 177 196 166
-0.788078 -0.188772 4.729519 207 214 196
-0.773436 -0.188731 4.694154 207 214 196
-0.790175 -0.408704 4.800333 53 72 50
-0.779837 -0.289449 4.740995 220 223 206
-0.774281 -0.219538 4.708159 222 229 213
-0.776485 -0.218288 4.709738 222 229 213
-0.798992 -0.385981 4.824010 204 215 199
-0.777601 -0.298743 4.745129 70 92 69
-0.774333 -0.251738 4.726710 208 220 200
-0.781843 -0.370988 4.782110 216 223 207
-0.788016 -0.391715 4.797433 218 219 201
-0.800068 -0.422140 4.852724 198 201 184
-0.782692 -0.310954 4.769515 180 200 173
-0.773218 -0.310643 4.753192 180 200 173
-0.779474 -0.400969 4.796962 189 198 181
-0.747353 0.239196 4.618638 186 183 174
-0.782639 -0.303845 4.787091 37 56 36
-0.755444 0.287318 4.670007 48 53 46
-0.755441 0.287314 4.670009 48 53 46
-0.750345 0.262555 4.642185 193 193 183
-0.771495 -0.396655 4.792802 48 75 44
-0.762478 -0.282417 4.741283 225 226 208
-0.753772 0.298136 4.677504 179 175 163
-0.765888 -0.306172 4.751255 200 215 192
-0.766149 -0.316032 4.754517 22 47 18
-0.752707 0.242991 4.666396 167 167 157
-0.766980 -0.350431 4.771419 17 35 19
-0.769280 -0.376858 4.785051 54 75 58
-0.775911 -0.364019 4.806692 18 34 23
-0.759196 -0.317720 4.753945 15 26 12
-0.762725 -0.302717 4.750326 48 71 53
-0.778386 0.306422 4.820866 32 32 30
-0.750306 0.304360 4.691109 48 51 44
-0.763830 0.258357 4.734796 172 174 161
-0.750580 0.322346 4.705337 153 154 149
-0.764099 -0.418146 4.803069 205 203 188
-0.764099 -0.418146 4.803069 205 203 188
-0.754078 -0.307901 4.749250 190 209 189
-0.754078 -0.307901 4.749250 190 209 189
-0.757363 -0.353576 4.770202 203 221 195
-0.754394 -0.323452 4.755763 190 210 185
-0.754394 -0.323452 4.755763 190 210 185
-0.758933 -0.391047 4.787357 194 212 198
-0.750970 -0.318312 4.755047 51 70 51
-0.753044 -0.345340 4.767609 226 228 215
-0.743250 -0.223490 4.707130 208 208 184
-0.751986 -0.334272 4.762403 50 69 47
-0.753862 -0.367644 4.775451 215 214 196
-0.756104 -0.383478 4.790822 217 219 205
-0.743962 -0.232490 4.712924 22 44 21
-0.743962 -0.232490 4.712924 22 44 21
-0.733439 0.261829 4.639884 173 171 158
-0.733443 0.261833 4.639882 166 165 161
-0.746903 -0.293615 4.740831 223 225 211
-0.731057 0.254385 4.633847 45 50 44
-0.754534 -0.396096 4.792690 37 60 42
-0.735675 -0.162126 4.677758 212 220 197
-0.755153 -0.420242 4.805610 50 71 56
-0.743421 0.334596 4.719927 169 165 162
-0.729506 0.264796 4.644874 48 48 40
-0.729506 0.264796 4.644874 48 48 40
-0.750526 -0.410336 4.804809 56 88 64
-0.750710 -0.410338 4.804758 56 88 64
-0.733384 0.286640 4.683221 65 68 61
-0.747887 -0.387411 4.786822 222 217 197
-0.755275 -0.351346 4.800625 204 205 187
-0.739395 -0.299409 4.744693 67 84 68
-0.745299 -0.378852 4.783542 56 71 52
-0.746328 -0.404112 4.795793 203 213 189
-0.741499 -0.340131 4.765816 49 72 54
-0.749754 -0.418071 4.806003 195 198 177
-0.746034 -0.417689 4.798061 195 198 177
-0.748742 0.321097 4.789317 191 192 178
-0.737967 -0.143059 4.698402 34 59 40
-0.721233 -0.056930 4.650996 228 229 211
-0.721236 -0.056928 4.650995 228 229 211
-0.723712 -0.173221 4.682694 57 85 60
-0.735895 -0.340558 4.765597 206 217 200
-0.739351 -0.388538 4.789106 37 63 36
-0.742490 -0.375403 4.784625 202 202 192
-0.755088 -0.403609 4.837888 12 28 17
-0.741824 -0.408968 4.802923 38 62 40
-0.753853 -0.425793 4.846835 49 70 51
-0.728583 -0.305563 4.745847 40 62 41
-0.730679 -0.336350 4.762398 41 59 33
-0.721065 -0.218596 4.704385 227 226 206
-0.735930 -0.425421 4.803341 58 82 56
-0.724256 -0.266208 4.728496 39 53 28
-0.721693 0.304203 4.696085 171 170 166
-0.722339 0.311928 4.711291 187 182 176
-0.731970 -0.311719 4.760171 172 194 171
-0.729745 -0.174243 4.717319 231 230 212
-0.726543 -0.331762 4.761146 175 195 170
-0.719687 0.322972 4.707430 82 85 78
-0.727211 -0.346996 4.772479 222 226 211
-0.722363 0.349087 4.735830 71 72 67
-0.722363 0.349087 4.735830 71 72 67
-0.733799 -0.392964 4.794051 221 224 207
-0.712874 -0.195637 4.693075 214 213 192
-0.731331 -0.258594 4.758608 211 214 193
-0.720802 -0.319374 4.752652 24 38 21
-0.720751 -0.319330 4.752672 59 77 51
-0.722976 -0.304545 4.747612 22 34 24
-0.715978 0.320952 4.703434 180 181 175
-0.735572 -0.372983 4.813162 183 199 172
-0.714638 0.327361 4.715703 188 188 180
-0.722218 -0.405409 4.794731 51 77 52
-0.706365 -0.210049 4.700613 227 226 208
-0.714822 -0.337659 4.763163 45 69 45
-0.714819 -0.337661 4.763163 9 32 14
-0.720770 -0.418255 4.802803 43 69 44
-0.704006 -0.196855 4.694552 32 57 36
-0.714847 -0.370231 4.777944 42 69 50
-0.720915 -0.412676 4.806952 211 225 208
-0.729462 -0.422738 4.849279 74 102 77
-0.713171 0.425736 4.824774 90 91 83
-0.718884 0.374158 4.840308 181 179 164
-0.700503 0.356086 4.747760 160 162 149
-0.709633 0.406251 4.807373 173 175 164
-0.710691 0.353863 4.750810 62 63 58
-0.699082 -0.391140 4.803818 223 224 210
-0.706255 0.437358 4.836013 174 171 166
-0.702457 0.376348 4.840662 181 181 171
-0.704933 0.425966 4.893622 87 92 85
-0.685948 0.396299 4.810560 191 187 178
-0.683036 0.402271 4.807317 166 161 158
-0.719312 0.417640 5.025982 86 86 78
-0.678084 0.390415 4.789476 60 58 59
-0.680346 0.389066 4.805403 82 83 78
-0.670711 0.425999 4.825828 180 176 167
-0.639538 -0.069888 4.618206 24 54 30
-0.652034 -0.264813 4.727380 21 50 28
-0.656692 -0.264653 4.732130 21 50 28
-0.701612 0.434538 5.050332 90 92 87
-0.632845 -0.049821 4.619825 186 189 172
-0.651024 -0.384395 4.783476 19 53 28
-0.652008 -0.384498 4.788763 19 47 25
-0.684074 0.439669 5.004313 84 87 80
-0.617939 -0.082602 4.632323 230 232 211
-0.629981 -0.391087 4.813655 224 225 209
-0.608671 -0.479973 4.827934 20 50 26
-0.622844 -0.486582 4.876388 20 50 26
-0.545658 -0.140578 4.660639 25 59 32
-0.533083 -0.398499 4.826285 227 228 212
-0.509840 -0.176747 4.682619 22 52 16
-0.522550 -0.387304 4.808410 218 222 207
-0.481996 -0.184325 4.692003 18 51 24
-0.515783 -0.450965 4.847972 16 50 23
-0.515426 -0.390744 4.835309 24 53 31
-0.483580 0.188421 4.607786 206 207 201
-0.508163 -0.406573 4.841062 15 48 27
-0.486807 0.230596 4.723293 49 54 48
-0.457021 0.156373 4.570716 207 224 205
-0.458424 0.156368 4.574529 207 224 205
-0.480424 -0.259063 4.765855 227 228 212
-0.454334 0.167242 4.583865 186 203 187
-0.467552 0.187907 4.647309 42 56 41
-0.451084 0.159276 4.569063 178 195 176
-0.461852 0.163343 4.618763 27 46 26
-0.450506 0.161744 4.578089 27 46 26
-0.450075 0.169402 4.585967 53 67 52
-0.448564 0.154787 4.573323 185 204 182
-0.450080 0.166508 4.586967 16 33 17
-0.448491 0.184077 4.597746 51 68 52
-0.447275 0.160455 4.580126 180 202 181
-0.446266 0.161684 4.573550 188 205 186
-0.467204 -0.432790 4.807086 221 221 209
-0.478452 -0.440690 4.852921 221 221 209
-0.446383 0.173805 4.588012 188 213 184
-0.477949 -0.409260 4.842743 218 219 203
-0.465479 -0.403592 4.793423 218 219 203
-0.445338 0.166804 4.584125 197 214 195
-0.445338 0.166804 4.584125 197 214 195
-0.445084 0.170762 4.584197 23 34 18
-0.444257 0.158926 4.576845 32 51 29
-0.445478 0.179495 4.592693 199 216 197
-0.445905 0.198410 4.611314 176 190 175
-0.454692 0.164273 4.621310 21 36 17
-0.443169 0.188684 4.608966 52 69 50
-0.470794 0.286224 4.818901 72 82 73
-0.446701 0.270946 4.689333 205 206 190
-0.448344 0.293139 4.705520 104 105 97
-0.437296 0.185293 4.598713 46 63 47
-0.450343 -0.335170 4.767014 23 53 29
-0.453087 -0.334769 4.769007 23 53 29
-0.447390 -0.279630 4.732957 32 66 41
-0.448570 -0.279518 4.738692 32 66 41
-0.446965 -0.236313 4.721528 25 60 30
-0.435677 0.245200 4.646724 53 69 56
-0.422901 0.155363 4.567461 202 221 199
-0.432000 0.256087 4.666285 175 189 174
-0.422043 0.161550 4.581029 197 218 199
-0.437428 0.336253 4.756213 75 86 80
-0.415730 0.146054 4.568708 174 198 172
-0.414504 0.151587 4.567442 159 178 156
-0.423389 0.243568 4.656965 56 74 62
-0.434534 -0.464573 4.819975 59 76 60
-0.411739 0.149552 4.573337 181 203 180
-0.409497 0.171101 4.591546 44 65 50
-0.413750 0.225159 4.655954 74 88 75
-0.418379 0.321126 4.739364 57 75 61
-0.425413 0.248585 4.753648 190 204 187
-0.414846 0.303809 4.720656 163 178 159
-0.426251 -0.318570 4.801005 233 235 222
-0.400908 0.167717 4.588707 59 76 58
-0.401234 0.257392 4.673566 53 69 56
-0.407541 -0.346328 4.766119 20 45 15
-0.393809 0.173989 4.595063 141 159 137
-0.410974 0.393305 4.825131 201 203 190
-0.387712 0.161309 4.584147 198 218 193
-0.387712 0.161309 4.584147 198 218 193
-0.385451 0.144935 4.569595 26 50 24
-0.392329 0.226229 4.643683 49 66 48
-0.389223 0.198280 4.616865 197 212 193
-0.403903 0.368387 4.787406 43 49 45
-0.389919 0.247015 4.670485 51 67 54
-0.419404 0.326463 4.756362 58 74 61
-0.410951 0.329706 4.899367 180 199 171
-0.397468 0.395253 4.820828 50 56 52
-0.382433 0.215690 4.645275 204 222 198
-0.396245 -0.516008 4.852410 203 211 196
-0.374418 0.165383 4.602699 46 64 52
-0.367887 0.142991 4.571304 192 214 193
-0.363424 0.153117 4.576990 54 71 55
-0.360962 0.140278 4.569219 158 170 160
-0.373859 0.303046 4.727287 66 82 69
-0.363346 -0.108874 4.643799 227 230 211
-0.363948 0.211948 4.632250 65 82 63
-0.362649 0.255807 4.677657 170 189 167
-0.348816 0.143492 4.574434 42 61 41
-0.353384 0.229587 4.665602 163 180 162
-0.354611 0.240810 4.663047 185 204 185
-0.365478 0.360167 4.819917 60 77 58
-0.346657 0.157523 4.609243 50 71 54
-0.350981 0.274368 4.712511 170 187 169
-0.364149 0.263930 4.787803 45 64 45
-0.347859 -0.115769 4.648997 11 44 15
-0.348206 0.264242 4.683023 59 73 60
-0.340549 0.228503 4.648276 49 63 46
-0.352509 0.228554 4.733910 49 63 46
-0.350833 0.365130 4.799826 65 83 69
-0.333649 0.197065 4.622496 49 67 51
-0.344797 -0.495882 4.837809 21 55 28
-0.333807 -0.117803 4.653018 19 49 21
-0.329985 -0.103372 4.641608 26 60 33
-0.327715 0.206644 4.645299 61 77 67
-0.329176 0.206769 4.631798 61 77 67
-0.335894 0.333393 4.768139 63 80 64
-0.330650 0.239020 4.712933 63 81 65
-0.318874 0.148080 4.578795 65 82 64
-0.328155 0.271558 4.705962 71 89 75
-0.347916 -0.526541 4.896826 24 58 33
-0.333109 0.190883 4.679992 194 213 193
-0.322897 -0.102837 4.642634 220 226 212
-0.323053 -0.102876 4.642602 220 226 212
-0.319842 -0.088187 4.633255 25 58 31
-0.321371 0.210871 4.638167 179 198 178
-0.316722 0.370002 4.823546 69 88 69
-0.316660 0.256380 4.685498 181 198 179
-0.306855 -0.097587 4.636044 229 227 212
-0.302377 0.142949 4.579162 48 66 42
-0.302882 0.143696 4.577803 48 66 42
-0.330131 0.389288 4.945357 52 62 53
-0.312162 0.281964 4.712732 55 73 57
-0.313481 0.154194 4.644916 49 59 50
-0.311925 0.255569 4.745003 182 200 184
-0.313813 -0.457839 4.816177 27 61 34
-0.308511 0.274212 4.704302 65 78 71
-0.300253 0.165292 4.597297 48 65 46
-0.295979 0.142728 4.579956 196 219 199
-0.295977 0.142730 4.579956 196 219 199
-0.294533 0.149050 4.584111 48 72 50
-0.291736 0.138178 4.575018 45 67 44
-0.301242 -0.312179 4.749482 224 225 209
-0.299875 0.314070 4.753878 52 62 54
-0.289557 -0.209790 4.698219 14 37 21
-0.280770 0.141653 4.578942 54 69 50
-0.294760 0.348043 4.797137 59 77 61
-0.286025 0.336711 4.788324 74 87 77
-0.283664 0.198846 4.630609 201 224 206
-0.294723 0.234035 4.759213 184 201 183
-0.280285 0.231445 4.662009 57 74 56
-0.279307 0.240462 4.669928 55 71 60
-0.287207 -0.195151 4.730852 15 47 26
-0.287924 0.397410 4.850610 85 103 87
-0.279690 -0.379673 4.780007 228 229 213
-0.273508 0.244390 4.696637 71 87 74
-0.266792 0.189555 4.638709 116 133 115
-0.265651 0.217404 4.660840 194 211 193
-0.270343 0.278972 4.714676 40 50 41
-0.270343 0.278972 4.714676 59 73 58
-0.267489 0.219386 4.693170 48 62 45
-0.259078 0.132938 4.576202 42 62 35
-0.261346 0.195784 4.641266 207 225 209
-0.263358 -0.206185 4.695704 227 229 215
-0.270082 -0.496699 4.832660 87 118 84
-0.261510 -0.180282 4.683102 224 224 214
-0.272178 -0.418812 4.817254 219 225 211
-0.251188 0.144540 4.584126 94 113 91
-0.250729 0.153788 4.591000 51 74 56
-0.249837 0.152619 4.594806 51 74 56
-0.261657 0.184387 4.694034 56 74 62
-0.249654 0.183248 4.626100 56 74 62
-0.248370 0.131789 4.576003 43 61 37
-0.253611 -0.314920 4.752082 227 228 212
-0.246928 0.341359 4.799610 57 75 61
-0.254999 -0.277493 4.758939 228 229 213
-0.251483 -0.273792 4.728244 228 229 213
-0.239643 0.160455 4.602111 61 80 61
-0.241352 0.324733 4.780483 73 89 76
-0.249672 -0.465719 4.824330 28 62 37
-0.244502 0.128158 4.607079 51 70 48
-0.237868 0.180925 4.641348 38 55 39
-0.249945 0.363176 4.808758 72 90 74
-0.249446 -0.492321 4.838336 225 226 210
-0.249021 0.208571 4.726358 189 206 188
-0.235668 0.135300 4.580279 40 62 41
-0.233956 0.144159 4.583306 34 54 29
-0.232038 0.124280 4.570533 200 223 197
-0.236300 0.209920 4.649802 66 80 63
-0.233992 0.203976 4.641806 218 237 215
-0.235055 0.322193 4.769966 103 120 104
-0.221105 0.134319 4.580045 55 73 59
-0.217478 0.124580 4.572508 199 220 187
-0.221470 0.269766 4.724703 187 199 187
-0.219567 0.128221 4.611391 192 212 187
-0.213216 0.187287 4.629102 43 64 45
-0.212124 0.212611 4.653481 57 76 57
-0.219465 0.323122 4.844802 66 84 68
-0.207738 0.205197 4.646813 48 70 47
-0.203413 0.162675 4.607700 47 65 51
-0.211390 0.194689 4.723571 56 73 57
-0.202127 0.208297 4.647440 69 83 68
-0.202243 0.311048 4.771490 64 82 70
-0.189918 0.122712 4.574479 70 79 74
-0.216313 0.252444 4.709595 60 78 64
-0.199379 -0.340814 4.782836 30 60 36
-0.188632 0.256519 4.713756 68 87 67
-0.187179 0.251054 4.711543 188 206 192
-0.178715 0.129780 4.585563 51 72 53
-0.182316 -0.173973 4.678866 231 232 214
-0.185247 0.310565 4.784896 67 85 73
-0.176181 0.147095 4.598713 56 75 55
-0.177627 0.174706 4.621448 211 230 211
-0.175125 -0.128717 4.653199 228 231 214
-0.174466 -0.129181 4.644945 228 231 214
-0.181679 0.330074 4.786440 68 86 70
-0.171262 0.162458 4.619375 56 78 57
-0.191414 0.346850 4.973059 63 84 67
-0.181361 0.353633 4.814241 44 55 49
-0.170837 0.154082 4.601019 55 74 55
-0.170837 0.154082 4.601019 55 74 55
-0.171428 -0.163055 4.674115 216 229 203
-0.162843 0.120291 4.573836 169 183 160
-0.164546 0.126401 4.579964 6 30 8
-0.165164 0.199685 4.642825 58 75 56
-0.164338 0.208894 4.657901 65 84 65
-0.163866 -0.443016 4.808532 30 59 37
-0.155446 0.183539 4.635745 58 77 58
-0.154982 0.117562 4.573653 184 211 180
-0.153540 0.147819 4.604308 206 225 206
-0.165320 0.218186 4.759173 210 229 210
-0.155597 -0.154350 4.668553 28 65 34
-0.166699 0.322899 4.944492 66 87 68
-0.152096 0.175265 4.627014 70 87 71
-0.156208 0.142472 4.643347 66 90 58
-0.158194 0.312999 4.841643 63 84 69
-0.151479 -0.303072 4.743407 33 65 41
-0.151528 -0.302835 4.743376 33 65 41
-0.149945 0.184652 4.637259 51 70 51
-0.144499 0.197816 4.663552 34 52 36
-0.143219 0.177509 4.640845 201 227 214
-0.142584 0.177078 4.642894 201 227 214
-0.140916 -0.199513 4.684631 19 43 29
-0.140799 -0.199709 4.690952 27 61 36
-0.136491 0.193747 4.655001 217 233 207
-0.144160 0.133519 4.627986 34 58 32
-0.137530 0.181484 4.656531 62 81 62
-0.135823 0.158064 4.610588 59 78 56
-0.143054 0.333476 4.865729 147 169 148
-0.132402 -0.110647 4.642542 31 60 38
-0.137891 0.322977 4.802782 84 105 86
-0.135604 0.243737 4.705501 125 142 126
-0.128580 0.209780 4.678253 194 216 195
-0.131027 0.323961 4.798888 75 93 77
-0.128193 0.211786 4.665074 64 86 65
-0.126801 0.189830 4.648636 59 75 64
-0.130535 0.168778 4.689397 58 77 55
-0.116108 0.210116 4.715773 65 86 69
-0.116674 0.212550 4.669890 65 86 69
-0.113526 0.260399 4.718702 68 86 70
-0.110208 0.284634 4.759348 115 130 111
-0.113423 0.289649 4.752639 115 130 111
-0.107282 0.109826 4.571225 198 231 200
-0.103130 0.135815 4.594332 52 70 46
-0.096686 0.111205 4.562789 47 71 45
-0.094772 0.152379 4.614095 208 233 214
-0.102795 0.332052 4.802876 70 91 74
-0.109012 0.331793 4.973993 70 91 74
-0.105215 0.256732 4.843054 64 82 68
-0.091843 0.183293 4.642936 61 82 67
-0.090489 0.313940 4.782138 71 92 75
-0.083860 0.208227 4.671034 56 74 58
-0.090337 0.240300 4.822574 70 88 74
-0.077684 0.280420 4.751898 61 80 61
-0.073224 0.180550 4.644594 67 86 67
-0.074844 -0.358699 4.778329 225 239 214
-0.072845 -0.434384 4.807874 225 228 211
-0.074355 0.308325 4.782584 65 83 69
-0.078759 0.307252 4.957050 49 59 50
-0.075592 -0.358862 4.806601 22 45 17
-0.071579 -0.352703 4.768656 22 45 17
-0.075848 -0.375923 4.824482 23 35 11
-0.069629 -0.353951 4.767636 22 48 13
-0.069629 -0.353951 4.767636 22 48 13
-0.074058 0.389325 4.870722 155 173 149
-0.069375 -0.394010 4.787696 36 55 27
-0.071721 -0.383366 4.784963 0 10 0
-0.067866 -0.342246 4.765403 27 45 21
-0.067470 -0.296626 4.742742 16 40 8
-0.067214 -0.306415 4.746562 17 34 16
-0.072843 -0.336622 4.802014 40 55 26
-0.065760 -0.414976 4.796722 32 54 31
-0.065816 -0.423379 4.801818 32 56 24
-0.066042 -0.362056 4.774473 11 39 14
-0.064946 -0.324507 4.754113 212 227 208
-0.064637 -0.374348 4.779779 216 231 210
-0.064342 -0.400213 4.791470 231 234 215
-0.064192 -0.441098 4.808910 42 56 30
-0.062567 -0.319838 4.751671 2 19 3
-0.063783 -0.380465 4.783975 25 47 24
-0.060893 -0.250704 4.728152 233 234 218
-0.064345 -0.397212 4.790209 205 222 204
-0.061723 -0.369354 4.776877 17 31 18
-0.067579 -0.394280 4.832262 191 213 192
-0.066822 -0.291696 4.776126 28 58 32
-0.056552 0.105887 4.572767 26 45 26
-0.062768 0.278002 4.749518 62 78 67
-0.060468 -0.419796 4.799316 211 232 213
-0.060332 0.229256 4.696633 204 225 208
-0.059353 -0.459738 4.815093 33 49 23
-0.063122 -0.413912 4.838495 225 233 220
-0.058231 -0.405353 4.793116 228 230 217
-0.057344 -0.394858 4.788229 39 66 35
-0.057344 -0.394858 4.788229 39 66 35
-0.056709 -0.358670 4.770938 164 229 209
-0.055981 -0.265357 4.725697 30 59 31
-0.055705 -0.234381 4.711980 230 234 217
-0.056573 -0.441702 4.808887 94 124 96
-0.056576 -0.441698 4.808887 94 124 96
-0.056300 -0.478535 4.830550 39 57 31
-0.055648 -0.501105 4.835253 224 227 210
-0.055284 -0.376769 4.779873 225 234 217
-0.053088 -0.369548 4.776659 11 36 7
-0.053272 -0.419138 4.797016 211 226 207
-0.054988 -0.364517 4.788217 30 47 11
-0.053130 -0.365975 4.780032 0 20 1
-0.051231 -0.217679 4.703590 26 45 17
-0.050429 -0.395929 4.788600 208 217 200
-0.051992 0.271448 4.736739 109 130 111
-0.049833 -0.492620 4.830296 61 77 51
-0.055590 -0.500888 4.878786 61 77 51
-0.049050 -0.407578 4.792170 9 24 3
-0.050607 -0.394538 4.789022 208 232 206
-0.048791 -0.362276 4.760282 37 71 36
-0.048791 -0.362276 4.760282 37 71 36
-0.054377 -0.419828 4.842657 11 34 18
-0.048560 -0.413610 4.795840 22 53 22
-0.048560 -0.413610 4.795840 22 53 22
-0.048273 -0.358877 4.772257 209 241 220
-0.047810 -0.241302 4.713840 14 26 4
-0.048615 -0.242176 4.717870 14 26 4
-0.048026 -0.369243 4.778901 191 216 195
-0.048026 -0.369243 4.778901 205 231 202
-0.048513 -0.457044 4.815779 226 229 210
-0.047304 -0.284056 4.735945 227 230 219
-0.046621 -0.441924 4.809459 23 58 26
-0.044513 -0.232682 4.708770 20 31 17
-0.047778 -0.506458 4.840714 31 54 28
-0.042332 -0.533931 4.843889 228 231 214
-0.043164 0.249071 4.722457 68 89 72
-0.040369 -0.338519 4.761259 225 231 219
-0.045777 -0.343561 4.804743 225 231 219
-0.040405 -0.393610 4.787351 164 197 168
-0.040405 -0.393610 4.787351 164 197 168
-0.039845 -0.413409 4.796430 25 45 20
-0.041427 -0.413688 4.797466 25 45 20
-0.039390 -0.207638 4.695724 16 25 6
-0.037818 -0.423209 4.801499 24 44 19
-0.040938 0.355743 4.833216 72 95 75
-0.042195 -0.357060 4.811934 215 226 209
-0.037371 -0.522882 4.843103 42 67 37
-0.037588 0.230654 4.700271 71 85 70
-0.035983 -0.214213 4.696388 26 45 13
-0.034854 -0.370366 4.776167 48 74 47
-0.034559 -0.397028 4.789341 1 13 1
-0.038222 -0.552859 4.864541 229 232 215
-0.034104 -0.486945 4.833462 75 95 68
-0.035306 -0.487599 4.830823 75 95 68
-0.033297 -0.368173 4.774665 206 238 214
-0.037615 -0.364768 4.817488 214 243 212
-0.033142 -0.407007 4.792648 16 40 14
-0.031794 -0.333103 4.757364 21 53 14
-0.031794 -0.333103 4.757364 21 53 14
-0.034568 0.303813 4.783147 63 84 67
-0.036254 -0.444795 4.853068 15 44 13
-0.035905 -0.524126 4.866704 205 229 203
-0.032691 0.264706 4.740961 192 213 196
-0.030589 -0.222125 4.704607 205 227 206
-0.029598 -0.414091 4.797053 26 55 27
-0.029040 -0.300975 4.742573 232 229 220
-0.029092 -0.477786 4.824555 31 61 33
-0.028285 -0.371853 4.778511 44 80 44
-0.030826 0.333648 4.812936 77 96 77
-0.027896 -0.251601 4.718027 232 255 227
-0.027897 -0.251596 4.718027 232 255 227
-0.027825 -0.395675 4.789970 18 49 17
-0.027593 -0.196714 4.690360 12 22 11
-0.027192 -0.408403 4.794743 206 236 208
-0.026631 -0.407929 4.795432 206 236 208
-0.029454 0.317328 4.797121 45 55 46
-0.026604 -0.487498 4.832982 36 62 37
-0.026030 -0.348669 4.767721 225 232 216
-0.026017 -0.564486 4.860487 14 29 8
-0.024412 -0.172084 4.679534 234 238 224
-0.024852 -0.550741 4.853455 39 59 34
-0.026565 -0.342806 4.774712 129 146 104
-0.024490 -0.341085 4.762264 129 146 104
-0.023606 -0.418862 4.798740 89 115 80
-0.023737 -0.411796 4.795701 63 80 61
-0.023198 -0.257556 4.721153 34 57 29
-0.022566 -0.316103 4.750385 30 63 36
-0.022653 -0.332557 4.761720 225 229 212
-0.021780 -0.460923 4.816992 3 16 0
-0.027178 -0.450701 4.859281 26 55 24
-0.021753 0.111979 4.582430 57 73 60
-0.019657 -0.302112 4.743944 17 43 16
-0.024772 -0.570533 4.909049 216 218 204
-0.018671 -0.484145 4.826175 227 233 219
-0.018139 -0.553148 4.853839 58 82 58
-0.017250 -0.476586 4.822109 233 233 223
-0.016221 -0.437138 4.804232 222 226 212
-0.016947 0.327123 4.808174 76 97 78
-0.013399 0.155423 4.625360 65 82 63
-0.012370 -0.170897 4.675509 19 35 9
-0.011732 -0.226479 4.704301 7 40 9
-0.011240 -0.401222 4.783533 234 232 219
-0.011484 -0.333994 4.751736 237 237 225
-0.010869 -0.596261 4.869226 227 228 214
-0.010673 -0.493240 4.829809 37 66 35
-0.009830 -0.566588 4.859664 221 225 211
-0.009345 -0.580841 4.865240 34 64 38
-0.006324 0.115503 4.586455 39 59 32
-0.012414 -0.531618 4.848164 186 211 181
-0.007387 -0.554985 4.854655 205 222 206
-0.009828 0.337762 4.819076 74 92 76
-0.005503 -0.466404 4.822436 234 233 215
-0.009716 0.106830 4.621206 48 72 46
-0.004057 -0.527544 4.843319 24 54 20
-0.003498 -0.510073 4.836194 35 60 30
-0.002994 -0.315706 4.750103 24 55 24
-0.002139 -0.599918 4.871318 208 218 194
-0.001884 -0.609446 4.875969 227 228 210
-0.004318 0.264767 4.747658 46 69 53
-0.000496 -0.298650 4.740977 24 58 31
-0.000473 -0.298403 4.740931 21 44 24
0.001303 -0.523815 4.842996 47 77 43
0.001303 -0.523815 4.842996 47 77 43
0.001464 -0.248287 4.718578 234 235 219
0.003105 -0.277159 4.729335 33 57 33
0.004443 -0.308423 4.745153 224 230 216
0.007406 -0.290340 4.735995 219 225 211
0.007272 -0.292901 4.743432 219 225 211
0.007995 -0.516524 4.840129 231 231 219
0.006704 0.103147 4.580756 219 243 217
0.007794 -0.594844 4.875239 22 43 24
0.010631 -0.537615 4.848494 226 230 213
0.010631 -0.537615 4.848494 226 230 213
0.008320 0.314080 4.798461 68 86 70
0.010381 -0.138848 4.657786 11 28 0
0.011041 0.099324 4.589825 96 110 87
0.011567 0.102692 4.580135 225 247 224
0.006777 -0.589666 4.923810 34 69 37
0.014346 0.339566 4.841734 65 83 67
0.011004 0.335319 4.817189 82 101 82
0.013880 -0.201601 4.696654 0 11 0
0.015574 -0.610658 4.878940 22 52 28
0.018079 -0.553112 4.855860 229 223 211
0.019169 -0.586358 4.866112 221 222 208
0.013851 -0.547651 4.868828 210 207 202
0.018039 0.106918 4.584413 55 77 56
0.020780 0.119419 4.601897 196 219 199
0.018103 0.356939 4.841613 76 95 76
0.021524 -0.572976 4.867685 31 59 37
0.022599 -0.187197 4.685550 0 13 0
0.018193 -0.565471 4.905228 206 225 203
0.024050 -0.472970 4.819192 35 50 21
0.022873 -0.138439 4.656442 230 234 217
0.023828 -0.119390 4.646005 19 27 4
0.024631 -0.107284 4.640303 232 239 223
0.027797 0.148900 4.649092 72 91 71
0.028799 -0.552777 4.853270 18 36 20
0.027597 -0.211543 4.705958 236 238 227
0.032645 -0.126099 4.637766 174 193 173
0.030805 -0.126716 4.648768 0 19 0
0.029484 0.221005 4.708310 61 81 70
0.031725 -0.306237 4.735693 233 234 218
0.032055 -0.114501 4.639827 4 13 0
0.039103 -0.415471 4.797352 59 90 46
0.039242 -0.395078 4.794447 229 229 201
0.034473 -0.564459 4.903848 26 49 31
0.037128 -0.555652 4.857817 26 49 31
0.039408 -0.363817 4.773396 233 228 186
0.039101 -0.108828 4.637843 6 20 0
0.037881 -0.107037 4.638697 6 20 0
0.041784 0.178887 4.678314 64 82 66
0.036246 -0.350203 4.806327 39 61 23
0.041672 -0.159114 4.664049 19 32 6
0.045790 0.167131 4.658607 135 156 147
0.043910 0.289681 4.853044 76 97 82
0.042987 0.299445 4.793816 46 56 47
0.042840 0.365919 4.860375 93 112 92
0.040954 0.162970 4.726611 75 97 74
0.045798 -0.590244 4.872829 201 209 194
0.043692 -0.598566 4.920014 201 209 194
0.048489 -0.545680 4.859140 226 230 215
0.050231 0.188041 4.722274 61 84 58
0.048504 -0.126814 4.649629 4 31 0
0.049361 0.346574 5.030281 152 173 154
0.052084 0.317794 4.821135 69 90 71
0.054407 -0.584980 4.866594 181 204 178
0.051772 -0.122017 4.645803 227 237 228
0.052787 -0.102279 4.632249 220 237 227
0.047470 -0.101784 4.660770 220 237 227
0.053445 -0.116272 4.644481 15 33 7
0.053978 -0.146401 4.660432 6 26 1
0.054631 -0.147406 4.658944 6 26 1
0.052926 -0.600152 4.918356 18 49 17
0.053853 0.163140 4.648163 78 91 74
0.055119 -0.087540 4.626776 14 28 2
0.059501 0.215535 4.717780 182 204 183
0.056418 0.226620 4.716830 207 229 208
0.056421 0.226613 4.716831 207 229 208
0.057506 -0.099663 4.634167 227 235 220
0.059689 0.095276 4.577828 34 53 33
0.059313 -0.428925 4.846087 4 14 5
0.059974 -0.429653 4.842290 4 14 5
0.063087 -0.106609 4.637905 13 34 0
0.065052 -0.087731 4.622767 23 45 9
0.065112 -0.137260 4.653367 8 33 0
0.062504 0.134978 4.614371 67 81 68
0.064273 -0.080757 4.622997 237 251 236
0.067298 -0.397451 4.792863 51 89 32
0.061557 -0.116854 4.670026 12 37 7
0.066831 -0.103096 4.632777 234 246 222
0.067903 -0.451390 4.813910 138 73 9
0.066174 -0.458011 4.833983 14 9 0
0.070659 -0.091955 4.625367 32 47 24
0.073468 -0.572839 4.865765 92 105 75
0.069681 -0.396545 4.833820 54 72 58
0.070585 -0.553725 4.901716 58 66 43
0.070967 0.244024 4.744304 61 82 65
0.070174 -0.407632 4.833913 17 32 9
0.075129 -0.349973 4.777007 34 47 37
0.075229 -0.535992 4.851258 61 100 73
0.073029 -0.130181 4.652533 22 38 12
0.073035 -0.121933 4.647004 23 49 20
0.075629 -0.371026 4.777843 18 26 15
0.077713 0.354165 4.865884 80 97 87
0.076406 -0.242916 4.716249 237 239 226
0.078570 -0.410190 4.793801 160 203 149
0.080502 -0.561031 4.855519 232 230 217
0.077078 -0.115124 4.641753 10 21 0
0.077590 -0.102004 4.634655 47 67 42
0.080023 -0.487243 4.852769 108 132 108
0.083513 0.275616 4.781452 66 87 70
0.081747 0.090618 4.566142 33 53 28
0.080718 -0.143022 4.658273 238 239 225
0.084099 -0.491115 4.828646 87 118 77
0.084272 -0.550150 4.858712 234 228 194
0.085113 -0.547364 4.852143 234 228 194
0.077211 -0.079791 4.644921 224 243 221
0.083304 -0.419144 4.837315 18 31 14
0.088936 -0.609595 4.881704 227 228 212
0.084632 0.277023 4.775796 189 209 182
0.084113 -0.119443 4.644161 233 236 217
0.083939 -0.540536 4.894683 102 148 76
0.079577 0.106277 4.593047 150 175 146
0.083369 0.108916 4.592445 150 175 146
0.084984 0.252829 4.756592 68 87 67
0.085127 -0.084128 4.623988 225 247 226
0.085599 0.211449 4.708550 82 103 86
0.086290 -0.111811 4.640185 5 25 0
0.089018 -0.418030 4.838740 131 134 127
0.092870 0.315589 4.840578 61 79 67
0.088922 0.146736 4.635281 47 66 47
0.090688 -0.090362 4.628361 224 238 221
0.091363 -0.090344 4.624437 224 238 221
0.093352 -0.396460 4.792967 102 134 84
0.096249 -0.479042 4.822307 1 11 3
0.092800 -0.107001 4.635256 7 28 9
0.090593 -0.064757 4.611984 235 248 228
0.093012 -0.099318 4.630293 19 31 11
0.096982 -0.555475 4.852199 94 138 79
0.092826 -0.530957 4.868592 15 31 18
0.093018 -0.071511 4.612284 226 234 213
0.091123 -0.069882 4.615249 226 234 213
0.094472 -0.258730 4.718689 91 123 84
0.093297 -0.514493 4.882967 121 174 104
0.096164 0.150321 4.670071 78 93 74
0.095668 0.247592 4.887380 63 81 65
0.098792 -0.491530 4.831989 0 4 0
0.096484 0.099625 4.588928 57 74 56
0.099679 -0.416291 4.796680 25 25 25
0.097354 -0.540409 4.896432 7 25 25
0.095952 -0.093960 4.628868 223 242 222
0.098576 -0.076496 4.615532 39 63 29
0.103519 -0.575047 4.865969 77 110 67
0.100788 -0.248480 4.717807 230 231 213
0.101467 -0.432678 4.805918 15 13 14
0.101789 0.097205 4.580654 46 64 48
0.096288 -0.100912 4.657785 20 44 10
0.103435 -0.490850 4.850705 5 10 4
0.106775 -0.480561 4.823706 94 136 90
0.098328 -0.071033 4.638252 13 38 8
0.104224 -0.098251 4.628828 230 248 224
0.102922 -0.089267 4.628643 214 244 216
0.103412 0.215628 4.712798 48 71 51
0.108131 -0.447847 4.809780 76 119 65
0.104604 -0.357983 4.797506 143 190 118
0.105890 -0.580235 4.903737 142 188 141
0.105388 -0.177183 4.679426 238 238 226
0.110024 -0.512570 4.835984 158 199 155
0.105418 -0.077063 4.619521 7 21 6
0.107271 0.221930 4.720765 97 119 96
0.106807 -0.093618 4.628870 12 32 5
0.106807 -0.093618 4.628870 27 44 26
0.111956 0.208541 4.715872 65 84 64
0.111351 -0.323095 4.753527 120 161 85
0.107718 0.166614 4.663465 72 90 74
0.108340 0.201399 4.702857 51 68 50
0.115357 -0.556544 4.851697 54 96 48
0.109476 -0.408696 4.832725 0 33 0
0.110968 -0.558893 4.867091 66 108 60
0.114021 -0.337492 4.762693 66 76 65
0.117766 -0.589539 4.868531 44 77 34
0.111489 0.185670 4.687503 69 86 70
0.114913 0.262318 4.926841 67 88 73
0.111297 -0.078118 4.618810 20 41 10
0.114541 -0.402204 4.830457 0 1 0
0.119011 -0.472546 4.819621 2 15 0
0.114826 -0.129050 4.651925 227 235 212
0.120910 -0.535033 4.845099 199 199 85
0.117213 -0.263796 4.721247 22 25 18
0.122750 -0.608749 4.875075 48 85 42
0.120138 -0.363571 4.775869 2 14 2
0.120034 -0.360801 4.770676 2 14 2
0.116985 -0.083486 4.622185 210 239 221
0.121247 0.278191 4.942846 68 91 71
0.124624 -0.592427 4.864770 5 30 11
0.124643 -0.592236 4.864738 5 30 11
0.119569 -0.132711 4.646314 36 38 24
0.120231 -0.215820 4.695855 38 5 0
0.121131 -0.482359 4.868485 0 16 0
0.122427 -0.548073 4.854704 18 24 14
0.127048 -0.639698 4.884670 137 157 130
0.126961 -0.602925 4.874552 108 144 83
0.123087 0.330153 4.833463 63 86 66
0.124630 0.325138 4.858173 70 93 73
0.116373 -0.085713 4.646313 6 32 0
0.119881 -0.084796 4.623408 6 32 0
0.124475 -0.285957 4.735151 33 78 19
0.124291 -0.235291 4.709738 45 18 7
0.123468 -0.133589 4.653041 220 241 246
0.128934 -0.567500 4.860090 0 13 4
0.126443 0.340157 4.847090 73 94 75
0.132204 -0.502587 4.833437 13 22 5
0.131253 -0.523038 4.840441 52 82 32
0.127107 0.202896 4.705978 67 84 66
0.130244 -0.440833 4.828559 10 18 5
0.135018 -0.572988 4.858793 38 46 33
0.135222 -0.651172 4.900051 217 218 158
0.131296 -0.163749 4.667287 47 52 46
0.130053 -0.161875 4.666709 47 52 46
0.133401 -0.615174 4.904682 38 81 53
0.133119 -0.149198 4.658472 0 12 0
0.135953 -0.425224 4.801010 0 21 0
0.138475 -0.542643 4.856089 141 179 132
0.140465 -0.586119 4.866030 144 182 131
0.142541 -0.654690 4.895632 104 140 76
0.140452 -0.654618 4.895741 104 140 76
0.135121 -0.142335 4.657688 229 241 227
0.135933 0.081247 4.578180 194 218 196
0.138269 -0.672647 4.952591 215 216 122
0.139178 -0.256908 4.720233 207 169 98
0.142436 0.289679 4.865914 68 89 70
0.141126 0.307565 4.815995 68 88 77
0.142056 -0.205582 4.701906 197 153 106
0.149765 -0.666477 4.897660 69 107 70
0.144957 -0.545124 4.853200 15 34 2
0.142902 -0.056454 4.591995 174 208 124
0.140531 -0.056490 4.609471 92 117 51
0.147375 -0.398184 4.789047 17 27 18
0.143357 -0.114637 4.641603 235 244 181
0.153176 -0.532719 4.842461 64 78 53
0.155414 0.297657 4.982161 77 99 78
0.156344 -0.543101 4.851395 58 66 55
0.153940 0.315923 4.825005 82 103 88
0.156645 0.308351 4.834366 82 103 88
0.157100 -0.524170 4.842923 146 172 127
0.155796 -0.417859 4.797167 0 7 0
0.152526 -0.265774 4.724783 64 91 56
0.158351 -0.572756 4.862583 0 6 2
0.153294 -0.254131 4.718174 22 37 6
0.155124 -0.537580 4.889277 128 155 114
0.158154 0.264071 4.786124 64 85 70
0.159240 0.255283 4.837655 56 77 58
0.154243 -0.120298 4.642806 2 9 1
0.155608 0.249109 4.757440 70 89 70
0.158939 -0.243996 4.701670 85 33 0
0.161488 -0.288852 4.735985 17 19 14
0.166509 0.283325 4.961996 179 198 178
0.162953 0.342047 4.851394 71 93 70
0.165621 0.308113 4.825007 66 84 68
0.166320 -0.442919 4.808040 21 58 7
0.170795 -0.648873 4.890666 161 184 155
0.171569 -0.670955 4.899312 223 224 210
0.163768 -0.353197 4.803168 13 17 3
0.165565 -0.259948 4.725847 133 181 143
0.162566 -0.260737 4.754686 133 181 143
0.166650 -0.632674 4.886343 43 44 36
0.171422 -0.593335 4.867464 138 165 124
0.171198 -0.561829 4.858348 32 48 22
0.168041 -0.655636 4.896266 71 101 89
0.167499 -0.420705 4.803629 212 255 207
0.175466 -0.606316 4.874554 178 209 178
0.173353 -0.634308 4.931104 185 207 186
0.170212 -0.233177 4.705101 169 137 62
0.176450 -0.447275 4.808895 137 181 128
0.173808 -0.453202 4.850811 137 181 128
0.178745 0.325124 4.848849 175 194 174
0.176231 -0.463670 4.849181 83 122 59
0.180124 -0.596605 4.868959 15 29 14
0.172617 -0.100394 4.639413 191 199 184
0.172829 -0.100455 4.639423 191 199 184
0.181823 -0.683099 4.913302 87 98 90
0.188795 -0.702342 4.914356 214 212 199
0.185392 -0.711612 4.959662 214 212 199
0.179187 -0.193631 4.680751 157 174 104
0.178948 0.144058 4.651299 212 231 212
0.179501 -0.068946 4.611267 237 239 218
0.184411 0.253399 4.769612 89 112 94
0.188657 -0.560595 4.893395 40 60 33
0.193786 -0.679437 4.903451 21 31 30
0.190922 -0.592633 4.874574 28 42 27
0.188043 0.167167 4.728325 63 81 69
0.187916 -0.387627 4.786136 104 139 106
0.189250 0.323632 4.836127 58 79 62
0.195891 -0.717406 4.920410 212 212 178
0.191417 -0.570772 4.864021 77 102 72
0.184133 -0.120392 4.635570 192 212 163
0.184727 0.159119 4.668315 49 61 51
0.182354 0.085110 4.587636 160 188 166
0.193175 0.236868 4.893806 195 213 197
0.196165 -0.605668 4.873575 22 37 16
0.198112 -0.684869 4.903867 214 209 187
0.192496 -0.471972 4.827737 26 41 22
0.194689 -0.469903 4.821410 26 41 22
0.203263 0.327315 4.993379 162 186 160
0.193618 0.316297 4.828528 64 87 69
0.201980 -0.708968 4.917020 77 97 60
0.192369 -0.212883 4.691388 0 7 0
0.203275 0.288461 4.977612 70 87 71
0.201837 -0.493457 4.824590 26 66 14
0.192505 -0.086798 4.622200 186 207 140
0.191574 -0.085228 4.622458 191 216 186
0.203708 -0.618151 4.877680 41 51 27
0.195155 -0.195099 4.676648 218 237 207
0.202676 -0.541289 4.848973 175 215 155
0.199719 0.302841 4.823677 51 63 53
0.199131 -0.449464 4.811448 34 83 18
0.204041 -0.569560 4.859150 100 133 80
0.205822 -0.608755 4.875328 18 36 12
0.196682 -0.162205 4.665259 67 69 55
0.192688 0.101686 4.606384 90 104 89
0.197118 0.183523 4.703547 55 76 57
0.206484 -0.585528 4.867522 58 82 46
0.203743 -0.592978 4.911373 58 82 46
0.206623 0.276174 4.866887 71 93 72
0.209703 -0.667358 4.897625 32 45 28
0.197114 -0.101890 4.631447 6 13 5
0.208852 -0.591757 4.869127 107 138 96
0.210085 -0.650796 4.891692 166 185 153
0.197058 -0.056113 4.602124 101 126 86
0.205603 0.201544 4.730223 58 77 57
0.201808 0.206765 4.727104 58 77 57
0.199687 -0.082367 4.619451 48 76 27
0.212816 -0.670235 4.899373 14 23 6
0.211265 -0.578245 4.863510 26 46 19
0.212544 -0.732763 4.940607 218 217 199
0.204882 0.210425 4.731895 224 244 219
0.210605 -0.645301 4.923469 46 70 34
0.209444 -0.390239 4.783484 28 77 21
0.213887 0.273770 4.807922 80 99 77
0.217656 -0.678648 4.901300 4 17 0
0.219155 -0.710541 4.916677 220 214 200
0.203199 0.077503 4.582552 69 81 71
0.219045 -0.645895 4.888996 27 35 12
0.209678 -0.223028 4.700756 179 198 170
0.204731 0.097234 4.599439 52 69 51
0.213641 0.201163 4.731928 46 67 48
0.219321 -0.536792 4.850106 105 123 97
0.223594 -0.713000 4.915536 213 214 172
0.212962 0.114597 4.635853 225 246 229
0.219873 -0.494915 4.830368 55 81 44
0.210158 -0.086386 4.619913 14 53 8
0.220876 -0.615323 4.919667 114 145 77
0.225284 -0.679778 4.901464 15 25 16
0.215643 0.209824 4.732520 40 66 41
0.227409 -0.709468 4.915019 45 63 25
0.226326 -0.670742 4.900150 61 80 50
0.219406 -0.577293 4.870535 27 38 24
0.218701 0.235062 4.757589 203 227 205
0.220733 0.272883 4.795062 138 148 139
0.218425 0.204077 4.726429 53 76 58
0.227925 0.329271 4.867248 162 179 161
0.222545 0.238159 4.760638 68 90 67
0.220978 0.198550 4.721821 139 163 141
0.223670 -0.374703 4.812556 0 5 0
0.227485 -0.616355 4.889957 25 39 26
0.230089 -0.619787 4.890244 25 39 26
0.229909 -0.684221 4.904040 23 31 18
0.229339 0.341784 4.862780 87 108 91
0.232133 0.298415 4.833744 71 90 70
0.224677 0.192870 4.719059 70 88 72
0.225767 -0.181246 4.671323 202 220 198
0.230459 0.199920 4.856739 67 86 67
0.228016 0.245091 4.769127 75 97 76
0.226659 -0.221963 4.700146 30 38 25
0.233278 0.267024 4.810361 133 157 143
0.224173 -0.056344 4.583525 245 243 230
0.224266 -0.056472 4.589023 245 243 230
0.233458 0.193012 4.786833 76 98 77
0.229311 0.230630 4.755305 74 95 80
0.236772 -0.738211 4.932800 216 214 199
0.238879 -0.667948 4.896582 52 73 40
0.240118 -0.690017 4.904435 90 109 89
0.230066 0.220057 4.745311 70 91 74
0.233219 -0.350038 4.765077 3 5 0
0.237426 -0.716755 4.959053 56 82 57
0.242732 -0.712011 4.925427 56 82 57
0.243518 -0.640925 4.883841 169 101 36
0.231308 -0.147650 4.658886 142 156 139
0.230631 -0.091920 4.623626 218 234 221
0.244506 0.297402 4.891416 157 178 159
0.234409 -0.179772 4.673859 20 31 14
0.235902 -0.187560 4.679743 201 213 189
0.240080 -0.359205 4.768529 226 229 184
0.245207 -0.456479 4.814873 129 174 91
0.245013 0.347333 4.870798 72 93 74
0.245101 0.347156 4.870828 72 93 74
0.242881 -0.821310 4.992881 255 255 255
0.247330 -0.602787 4.871939 52 78 65
0.249438 -0.578457 4.861796 36 55 51
0.234674 0.094857 4.604954 55 73 57
0.242500 -0.316885 4.782934 35 79 20
0.251384 0.323205 4.859668 71 88 72
0.237980 -0.049548 4.599430 242 242 110
0.250778 -0.573561 4.860710 138 201 236
0.254631 -0.718212 4.916510 207 212 190
0.249154 -0.364047 4.771364 10 11 5
0.248114 -0.331653 4.753701 14 14 12
0.244030 -0.114513 4.627679 238 244 208
0.256678 -0.735628 4.927929 219 217 204
0.253661 0.235147 4.807585 74 95 78
0.247765 -0.217696 4.695615 214 224 197
0.250902 -0.355859 4.795653 235 237 224
0.257663 -0.560651 4.859056 190 243 255
0.257679 -0.596862 4.875721 185 231 244
0.255090 -0.344647 4.764162 241 241 231
0.245707 0.091174 4.603396 52 71 51
0.257808 -0.409060 4.789274 12 24 2
0.252177 -0.206606 4.690061 0 1 0
0.249985 -0.048639 4.576667 101 146 91
0.260092 -0.520731 4.864551 149 195 169
0.267688 -0.700892 4.910359 212 215 204
0.252967 -0.111383 4.630015 34 49 16
0.263517 0.258676 4.808003 65 86 71
0.267999 -0.602068 4.897570 72 86 60
0.265449 0.145017 4.737153 79 92 82
0.271780 -0.539840 4.847248 58 72 49
0.262741 -0.260202 4.747769 100 134 84
0.267879 0.188019 4.736895 67 88 71
0.264476 -0.151546 4.642125 10 18 7
0.261468 -0.151636 4.673552 10 18 7
0.266648 -0.288561 4.758641 198 214 187
0.270381 0.274644 4.802804 46 57 49
0.271686 0.277413 4.813518 46 57 49
0.271087 -0.353796 4.767009 240 241 225
0.265160 -0.101811 4.624351 63 74 60
0.273449 0.294241 4.825215 69 87 71
0.280288 -0.674250 4.938342 51 62 45
0.278224 -0.528188 4.843179 4 18 3
0.265292 0.092601 4.602959 56 75 55
0.269916 -0.175508 4.672057 183 198 165
0.282008 -0.597985 4.875431 74 117 61
0.266708 0.101119 4.616358 74 97 79
0.277068 -0.301070 4.742367 72 115 59
0.277016 -0.288815 4.749547 218 226 215
0.282993 -0.541803 4.871832 9 34 5
0.290431 -0.694552 4.907780 174 200 173
0.292145 -0.706759 4.912103 52 67 34
0.292707 -0.675691 4.898930 122 157 117
0.290944 -0.621236 4.879668 180 157 81
0.290750 -0.604851 4.873182 59 68 37
0.283512 -0.347035 4.763135 232 233 219
0.284707 -0.338436 4.758079 192 194 183
0.282192 -0.181353 4.670444 220 235 202
0.291005 -0.618387 4.903641 26 50 16
0.287247 -0.396429 4.775643 114 160 88
0.293121 -0.554482 4.854095 42 60 36
0.275184 0.073255 4.590040 190 215 194
0.296925 -0.663079 4.894856 60 77 41
0.290101 -0.333167 4.754436 36 36 38
0.294894 -0.607784 4.873720 26 55 9
0.297101 -0.537138 4.884060 44 62 40
0.290215 -0.272450 4.720154 5 17 0
0.285652 0.076930 4.598017 221 241 214
0.303092 -0.651862 4.889231 114 147 104
0.295830 -0.372782 4.776022 170 214 137
0.294787 -0.370616 4.773032 170 214 137
0.301080 -0.694545 4.910647 159 184 144
0.307887 0.264465 4.965378 62 85 67
0.297630 0.267930 4.804643 62 85 67
0.285774 0.065280 4.583352 62 81 61
0.299735 0.285909 4.822327 176 200 176
0.293772 -0.144797 4.654781 3 36 5
0.290247 -0.008522 4.573453 247 248 230
0.310305 -0.707999 4.951659 180 206 169
0.301072 -0.359508 4.799660 29 30 24
0.293318 -0.120625 4.637024 27 36 19
0.302339 -0.306283 4.739118 11 11 11
0.305778 0.231147 4.787141 76 98 75
0.295398 -0.101023 4.608013 39 41 40
0.294016 -0.101394 4.627087 39 41 40
0.302748 -0.330681 4.787289 7 6 4
0.300659 0.144969 4.692000 51 61 53
0.292912 0.065040 4.584494 42 67 46
0.299742 0.157027 4.693095 77 95 79
0.299242 -0.154675 4.656499 64 119 61
0.308246 0.177292 4.831865 49 71 50
0.308798 0.294953 4.835183 60 81 64
0.312858 0.247665 4.888792 50 62 52
0.309752 0.183503 4.839775 66 87 68
0.313571 0.302410 4.856222 65 85 73
0.310816 0.252134 4.802190 47 70 52
0.305081 0.133311 4.673249 75 92 73
0.305094 -0.227356 4.705200 243 251 238
0.316238 -0.640973 4.883561 54 78 42
0.315803 0.272739 4.822977 179 200 181
0.312046 0.284454 4.818729 182 202 177
0.310020 0.212226 4.752266 60 84 62
0.321618 0.227739 4.914200 74 92 78
0.321618 0.227739 4.914200 74 92 78
0.303912 -0.045758 4.581852 26 48 0
0.314139 -0.346795 4.763176 230 233 214
0.314137 -0.346793 4.763176 230 233 214
0.317437 0.279394 4.817181 64 85 70
0.322169 0.282285 4.834814 64 85 70
0.324879 0.284042 4.885898 64 85 70
0.312077 -0.221683 4.686486 0 6 0
0.309326 -0.169411 4.681769 21 73 7
0.319311 0.271044 4.808476 158 176 152
0.320335 -0.459296 4.830312 27 52 22
0.315114 -0.241206 4.708041 0 4 0
0.310012 -0.090046 4.608677 39 44 38
0.318328 -0.328800 4.752719 232 235 226
0.319547 -0.380827 4.771845 12 14 13
0.308456 -0.031612 4.588776 249 249 175
0.319389 -0.238256 4.704704 222 224 211
0.315494 -0.132224 4.629631 84 109 80
0.325704 0.284104 4.821656 89 113 91
0.329198 0.328957 4.861838 77 102 81
0.321123 0.110571 4.682888 61 71 63
0.315012 -0.040008 4.591938 15 64 17
0.326934 0.242370 4.781745 185 203 181
0.329347 -0.366164 4.775665 20 19 25
0.322790 -0.187088 4.674167 68 82 59
0.332736 -0.470654 4.850468 179 205 160
0.330813 -0.358071 4.768044 242 242 234
0.338799 0.242008 4.866951 64 85 68
0.340034 -0.725239 4.976116 199 207 196
0.329176 -0.288436 4.732121 35 35 33
0.342977 -0.735964 4.963275 227 218 209
0.344117 -0.726218 4.915134 227 218 209
0.332249 -0.327064 4.751726 30 26 15
0.331873 -0.317456 4.747031 241 242 228
0.334777 0.276802 4.819733 67 90 70
0.334793 -0.389924 4.781457 13 14 9
0.321351 0.082126 4.607651 62 73 65
0.341979 0.312845 4.876251 79 96 77
0.347066 0.256646 4.962570 77 100 80
0.345767 -0.680690 4.932615 129 162 107
0.335616 0.245189 4.792074 198 217 198
0.335770 -0.303353 4.742851 197 197 195
0.325669 -0.086601 4.617115 198 243 222
0.342438 -0.560870 4.853039 205 232 189
0.353597 0.274493 4.963089 196 205 188
0.342954 0.262243 4.820404 161 184 164
0.337027 -0.334898 4.784806 66 64 51
0.338211 -0.331551 4.753932 66 64 51
0.328643 -0.101217 4.623710 220 255 215
0.326267 -0.053152 4.590738 243 247 233
0.337219 -0.283882 4.729896 0 2 0
0.337219 -0.283882 4.729896 0 2 0
0.336075 0.187144 4.735234 102 125 97
0.351779 0.240548 4.941035 70 92 71
0.329359 -0.073753 4.612258 241 244 223
0.330836 -0.074615 4.586078 241 244 223
0.339729 -0.308549 4.742458 29 29 21
0.342605 -0.387828 4.780878 70 102 55
0.328069 -0.030262 4.587172 240 244 207
0.329886 -0.030510 4.581020 240 244 207
0.353125 -0.702204 4.909568 36 58 35
0.337317 -0.208532 4.676816 59 106 26
0.346235 0.299253 4.839835 63 84 65
0.360698 0.296447 5.035895 63 84 65
0.335346 -0.151555 4.655506 26 50 28
0.342060 0.219909 4.766671 75 93 77
0.342060 0.219909 4.766671 44 54 46
0.334633 -0.159875 4.679832 89 121 72
0.345958 0.220952 4.774373 78 97 77
0.346852 -0.437520 4.801725 90 110 82
0.341747 -0.272502 4.730274 57 94 100
0.343568 -0.320035 4.746395 232 233 217
0.349702 -0.540694 4.875834 152 177 145
0.347746 -0.421060 4.828631 83 98 79
0.352102 -0.574670 4.862891 209 231 182
0.368519 0.320535 5.057406 143 162 142
0.357442 0.226813 4.919807 146 168 145
0.342005 0.110451 4.710608 88 102 87
0.344359 0.172697 4.726673 71 88 82
0.347681 -0.349051 4.764416 239 241 219
0.350380 -0.397926 4.786272 108 126 102
0.345662 -0.275025 4.723492 0 18 0
0.346561 -0.282784 4.728471 226 228 215
0.356928 0.198719 4.880038 72 93 74
0.350561 -0.363861 4.801535 28 35 4
0.350101 -0.355906 4.767817 222 225 194
0.349412 0.220162 4.768974 75 93 77
0.353235 0.214279 4.779801 75 93 77
0.358744 0.208835 4.893120 72 93 76
0.352220 -0.330313 4.758491 225 227 216
0.339166 0.064129 4.589835 51 72 53
0.344767 -0.121843 4.635925 21 8 0
0.343938 -0.120220 4.636886 134 123 78
0.348379 -0.171112 4.661613 148 171 151
0.341404 -0.024068 4.583381 13 37 0
0.358585 -0.418451 4.798818 97 124 83
0.368914 -0.720766 4.915570 33 49 36
0.365369 0.289232 4.858604 161 185 161
0.349565 -0.145280 4.642409 242 255 239
0.366346 -0.574962 4.862605 53 65 51
0.370131 0.312565 4.870657 162 182 157
0.372966 0.314285 4.920872 162 182 157
0.359239 -0.224969 4.696890 218 218 210
0.360562 -0.250118 4.710853 19 21 7
0.360722 -0.233324 4.702654 15 16 10
0.363176 -0.266737 4.717551 227 228 222
0.365113 0.140962 4.703490 226 245 225
0.370679 0.169268 4.839931 51 70 51
0.376385 -0.729432 4.949935 41 73 50
0.375186 0.296427 4.849861 170 193 167
0.373967 0.323534 4.865544 74 97 77
0.378134 0.314438 4.871893 74 97 77
0.379796 -0.689916 4.949906 152 178 139
0.380067 -0.704626 4.913981 182 198 172
0.355930 -0.012072 4.550889 250 250 136
0.365358 -0.228900 4.694333 232 243 227
0.382089 -0.660272 4.894366 134 165 121
0.359687 -0.082228 4.612374 10 11 3
0.385321 -0.736974 4.960845 68 81 63
0.358138 0.068880 4.597861 64 87 71
0.373780 0.169972 4.736760 56 78 57
0.364055 -0.142107 4.649297 215 241 202
0.383700 0.271540 4.898904 179 203 181
0.375614 0.260425 4.811735 70 91 72
0.363280 -0.061001 4.588239 41 60 32
0.382638 -0.602251 4.894766 21 32 18
0.386371 -0.740428 4.954965 82 96 60
0.390126 -0.734932 4.920124 82 96 60
0.371449 -0.248488 4.709087 38 39 33
0.381197 0.282744 4.829189 67 90 70
0.363045 -0.015382 4.576110 79 126 116
0.383318 0.298817 4.846195 67 91 69
0.384993 0.191845 4.844950 42 53 45
0.377799 0.195454 4.767985 42 53 45
0.388764 -0.585066 4.862249 196 216 204
0.383802 0.234239 4.800498 79 103 81
0.366776 -0.063166 4.602124 7 11 0
0.384472 0.227462 4.801453 72 93 74
0.395472 -0.755928 4.974049 90 128 105
0.388325 -0.574149 4.906257 155 161 157
0.390971 -0.593708 4.867315 23 26 33
0.389769 -0.541933 4.848667 195 209 196
0.386583 0.284831 4.835445 157 179 156
0.372258 -0.071984 4.582597 14 19 12
0.378590 -0.266407 4.739573 5 7 4
0.369001 -0.044217 4.591397 13 24 7
0.379697 0.174876 4.731993 67 86 66
0.369452 -0.042109 4.590907 1 18 2
0.386391 -0.380588 4.781519 213 235 196
0.372594 -0.095818 4.620822 7 18 1
0.370589 -0.016182 4.544868 213 254 255
0.379473 -0.225878 4.697568 38 39 33
0.390907 0.321111 4.864524 75 98 78
0.394218 -0.533164 4.845429 18 23 16
0.396797 -0.590698 4.867171 31 37 27
0.394684 -0.590374 4.864740 31 37 27
0.383793 0.113905 4.683656 82 100 84
0.376803 -0.105085 4.626397 190 216 177
0.377652 -0.106720 4.622831 190 216 177
0.393979 -0.549932 4.852562 26 31 24
0.399570 -0.595674 4.868455 212 226 200
0.386136 -0.248073 4.697949 233 237 220
0.385664 -0.245667 4.708288 233 237 220
0.389208 0.200866 4.756744 70 91 76
0.389208 0.200866 4.756744 70 91 76
0.377669 -0.069844 4.604505 35 31 32
0.398578 -0.514500 4.837006 39 42 25
0.400068 -0.583993 4.897027 44 46 35
0.414843 0.307391 5.045419 145 165 140
0.379991 -0.085533 4.615681 6 11 5
0.379991 -0.085533 4.615681 6 11 5
0.382805 -0.113292 4.625329 111 134 105
0.387990 0.154758 4.710649 86 99 92
0.387665 -0.140884 4.647471 13 21 8
0.385068 -0.078062 4.584384 112 162 103
0.394392 -0.239569 4.701805 0 1 0
0.410584 -0.587592 4.864460 45 44 24
0.386554 -0.070971 4.617139 34 49 30
0.388009 -0.071247 4.605099 34 49 30
0.408475 -0.520942 4.838118 11 13 10
0.393332 -0.177336 4.687176 77 83 83
0.407432 -0.460488 4.812435 68 94 47
0.387624 -0.042993 4.589667 6 29 1
0.388352 0.068956 4.603502 199 223 201
0.389911 0.067838 4.639797 199 223 201
0.388857 -0.079656 4.623228 0 16 0
0.396655 -0.190562 4.676572 213 226 170
0.389457 -0.033787 4.585977 245 246 230
0.410629 0.299463 4.849501 61 85 63
0.392941 -0.112796 4.632847 17 49 12
0.413855 -0.530917 4.843152 213 210 169
0.399992 -0.185171 4.670176 239 243 206
0.396023 -0.121200 4.631993 8 22 5
0.414476 -0.435979 4.801751 32 47 28
0.420250 -0.508154 4.867827 158 166 153
0.395962 -0.005873 4.576909 251 252 234
0.395962 -0.005873 4.576909 251 252 234
0.400611 0.046669 4.576872 53 77 55
0.400084 -0.069990 4.605472 95 96 88
0.399528 -0.061326 4.600335 175 236 255
0.429625 0.227366 4.941131 63 88 69
0.416638 0.243638 4.800986 63 86 66
0.422333 -0.471487 4.824535 212 230 208
0.421215 -0.540528 4.850965 220 220 212
0.423908 -0.539372 4.846107 220 220 212
0.419101 0.268820 4.824722 65 89 67
0.436971 0.276116 5.012287 72 96 74
0.424616 0.289072 4.852660 61 86 64
0.419650 0.254839 4.813334 75 96 87
0.423035 -0.457561 4.812676 241 255 218
0.403535 -0.038859 4.582795 75 108 79
0.403795 0.067027 4.603691 212 234 213
0.427405 0.177951 4.863755 73 96 78
0.411522 -0.110871 4.622262 75 120 61
0.415040 -0.147486 4.641953 11 21 10
0.418650 -0.230461 4.695294 35 36 30
0.419258 -0.230741 4.693243 35 36 30
0.431465 -0.465222 4.817229 88 120 83
0.430741 -0.467022 4.820053 88 120 83
0.433738 0.272171 4.850480 63 86 68
0.432804 -0.490211 4.830075 149 171 148
0.419014 -0.185772 4.673275 4 0 0
0.437234 -0.576732 4.860420 207 216 199
0.428827 -0.334822 4.753663 117 146 88
0.439695 -0.562854 4.884321 21 27 25
0.421950 -0.172368 4.665435 3 11 0
0.425216 -0.232169 4.699565 224 226 212
0.423567 -0.207675 4.675750 10 10 10
0.431188 -0.295362 4.741315 14 16 15
0.420509 -0.134849 4.622224 178 210 143
0.433600 -0.388789 4.777395 95 136 80
0.441525 -0.541348 4.845686 223 224 206
0.448184 0.313040 4.929113 165 181 154
0.430003 -0.193177 4.668848 43 43 41
0.448771 -0.690085 4.900300 36 25 21
0.447389 -0.569329 4.859267 176 188 176
0.438644 -0.411216 4.790863 190 201 195
0.445117 0.314450 4.859769 75 98 80
0.424724 -0.100138 4.616995 36 78 30
0.444071 -0.447356 4.806974 230 236 222
0.440259 -0.370387 4.766433 232 247 218
0.441380 -0.370117 4.764104 232 247 218
0.427670 -0.070093 4.597411 10 30 0
0.434539 -0.232290 4.718788 194 195 187
0.450084 -0.538773 4.845237 206 207 189
0.445923 -0.422114 4.798607 151 165 152
0.446665 -0.419233 4.796924 171 178 170
0.443240 -0.349637 4.780386 66 107 51
0.455895 0.302247 4.873714 159 183 161
0.434571 -0.154880 4.650013 25 43 27
0.469335 0.304007 5.032074 161 180 160
0.435802 -0.166681 4.660398 217 236 242
0.456313 -0.561137 4.852577 223 236 227
0.440635 -0.228843 4.697576 222 224 210
0.430506 0.049271 4.590009 66 85 65
0.433852 -0.088575 4.595819 3 8 12
0.433651 -0.089691 4.598460 0 3 16
0.454655 -0.480210 4.822653 200 207 191
0.441100 -0.187858 4.668018 229 230 222
0.464855 -0.680189 4.896892 220 223 214
0.434405 -0.058914 4.597982 1 10 0
0.457636 -0.536757 4.862744 193 199 197
0.438782 -0.118390 4.628354 17 24 16
0.465503 -0.698930 4.905440 82 76 62
0.433558 0.002867 4.571354 254 255 239
0.435951 -0.037319 4.581133 116 131 112
0.458905 0.256153 4.821161 175 199 175
0.439825 -0.052242 4.594441 60 71 55
0.447225 -0.174596 4.666326 16 17 12
0.462192 -0.443198 4.836006 28 28 16
0.443581 -0.060160 4.591692 197 241 242
0.453319 -0.195622 4.677184 224 226 212
0.453319 -0.195622 4.677184 224 226 212
0.450177 -0.147158 4.647992 6 15 10
0.465819 -0.432597 4.799159 246 246 234
0.456321 0.138658 4.711665 76 97 80
0.450546 -0.100109 4.619333 212 247 249
0.469609 -0.439965 4.804428 5 1 0
0.452762 -0.097859 4.618437 22 38 28
0.469857 -0.395366 4.780928 19 25 13
0.457275 -0.161535 4.656065 163 188 130
0.478848 0.300123 4.884045 216 215 197
0.454521 -0.094896 4.618210 186 234 236
0.458711 -0.148915 4.632310 196 230 232
0.458274 -0.145226 4.645884 0 4 0
0.462751 -0.210206 4.685842 216 216 208
0.474021 -0.398423 4.783359 15 18 11
0.472757 -0.405543 4.791059 15 18 7
0.477402 -0.430397 4.799252 19 20 14
0.466752 -0.224931 4.681152 19 20 14
0.463080 -0.135923 4.637251 222 235 225
0.479657 -0.412770 4.791055 222 225 208
0.464792 -0.148246 4.645346 197 215 199
0.471520 -0.251481 4.706913 9 10 5
0.459583 -0.042858 4.588846 33 82 35
0.477359 -0.354089 4.759909 190 202 180
0.462875 0.056915 4.601464 57 69 59
0.463886 -0.100142 4.627181 14 38 16
0.465631 -0.100971 4.620735 14 38 16
0.487048 0.264637 4.835233 75 103 78
0.461010 -0.019402 4.582403 87 115 77
0.513315 0.309439 5.062219 119 143 119
0.505977 0.232026 4.962362 183 208 176
0.468153 -0.046454 4.590683 14 26 22
0.476337 -0.159233 4.654670 87 122 56
0.473503 -0.088903 4.614537 50 58 47
0.473503 -0.088903 4.614537 50 58 47
0.473628 -0.069515 4.600369 7 24 5
0.502612 0.293136 4.861188 97 120 100
0.500138 0.282757 4.846386 163 183 156
0.492073 0.183750 4.759279 63 86 68
0.492916 0.174287 4.752868 65 84 65
0.490108 -0.247324 4.708602 234 233 215
0.490108 -0.247324 4.708602 234 233 215
0.475470 0.003148 4.570196 255 254 241
0.500722 0.200447 4.791081 164 188 164
0.493214 -0.277659 4.720506 14 15 10
0.505827 0.273838 4.841789 190 206 179
0.517152 0.205549 4.928380 172 195 175
0.486389 -0.095511 4.605089 16 44 81
0.484884 -0.071684 4.604122 0 12 0
0.480286 -0.006278 4.562878 146 202 137
0.495724 -0.229936 4.690700 13 13 11
0.512275 0.290172 4.853776 67 91 69
0.512272 0.290180 4.853775 67 91 69
0.532299 0.274947 5.022025 64 87 69
0.487148 -0.062026 4.597390 233 243 180
0.508409 0.221989 4.802387 71 89 73
0.491648 -0.080090 4.602104 110 191 212
0.492844 0.052508 4.632304 73 96 78
0.508384 0.193219 4.773747 77 99 76
0.519206 0.253707 4.843642 52 77 55
0.535680 0.257082 5.012498 52 77 55
0.518437 0.287770 4.858129 171 192 173
0.518748 0.268344 4.840192 74 98 76
0.493374 -0.036257 4.584354 98 162 110
0.526741 0.263727 4.854754 186 204 182
0.525191 0.299509 4.861156 153 177 153
0.548981 0.296223 5.065112 126 136 127
0.498930 -0.065639 4.598136 25 42 26
0.498289 -0.048133 4.589725 26 42 29
0.519388 0.213172 4.793579 216 231 208
0.519498 0.212998 4.793596 216 231 208
0.516857 -0.288373 4.726897 222 223 215
0.525676 0.188584 4.785581 204 228 206
0.534829 0.300308 4.882323 51 75 51
0.522925 0.149448 4.745792 69 91 68
0.521088 -0.291183 4.727910 0 4 0
0.536700 0.293213 4.868983 168 190 167
0.533871 0.270109 4.844896 69 93 69
0.531512 0.232105 4.813330 69 92 74
0.509867 -0.083990 4.577215 138 183 202
0.508507 -0.032855 4.573575 217 243 196
0.542121 0.263577 4.849913 191 211 186
0.545476 0.303227 4.880431 75 99 75
0.557975 0.261637 5.010530 178 198 171
0.509763 -0.039323 4.584674 19 43 21
0.557344 0.249687 4.997814 176 201 172
0.541752 0.167166 4.826090 75 94 72
0.534082 0.148682 4.751162 76 101 79
0.511404 -0.024087 4.571357 224 235 201
0.517597 -0.096797 4.617988 85 113 75
0.517597 -0.096797 4.617988 58 74 64
0.522686 -0.159121 4.654009 10 12 1
0.525443 -0.202614 4.677133 3 3 1
0.540154 0.169638 4.770001 211 230 208
0.516859 0.000775 4.545278 250 253 234
0.531013 0.116046 4.699499 89 108 89
0.519533 -0.020850 4.579961 196 248 255
0.530339 0.091121 4.665848 76 83 76
0.523543 -0.008610 4.563205 184 210 183
0.532284 -0.120896 4.624350 34 84 33
0.527359 -0.023440 4.541237 245 241 180
0.529815 -0.058531 4.585426 0 10 0
0.530019 -0.052258 4.589451 33 55 19
0.530045 -0.012695 4.577623 247 255 252
0.545374 -0.243610 4.698523 41 41 39
0.537554 -0.119632 4.619156 70 84 69
0.536951 0.046516 4.595099 74 93 74
0.540966 -0.129359 4.633757 112 162 93
0.562646 0.234695 4.818395 191 207 181
0.540794 -0.093496 4.605443 9 22 2
0.565165 0.246275 4.827725 173 197 171
0.550177 -0.216769 4.686387 0 1 0
0.575540 0.300224 4.879662 74 95 76
0.568828 0.272773 4.847582 65 88 68
0.571576 0.231230 4.839568 62 92 68
0.571328 0.263709 4.838561 65 89 65
0.583944 0.243167 4.902258 62 85 65
0.573931 0.249661 4.832733 62 85 65
0.545703 -0.016505 4.571040 148 180 167
0.556373 -0.161610 4.654335 231 234 215
0.574030 0.132467 4.778021 71 90 71
0.551473 -0.030657 4.571115 122 193 125
0.570121 0.151500 4.744793 78 101 75
0.583932 0.286019 4.858825 153 169 143
0.552122 -0.023340 4.569098 252 255 170
0.568660 0.123786 4.716698 212 230 206
0.579150 0.212521 4.804335 52 61 56
0.562888 -0.171081 4.643493 96 86 84
0.552946 -0.005698 4.568475 210 250 252
0.559476 -0.081540 4.605737 231 236 206
0.564012 -0.155577 4.629187 9 11 8
0.565953 -0.158698 4.643134 26 27 21
0.579205 0.166077 4.762317 74 95 80
0.565509 -0.107036 4.617109 159 205 229
0.566457 -0.099679 4.581262 196 229 182
0.587150 0.187595 4.764639 177 195 173
0.577813 0.093397 4.677515 97 116 97
0.573115 -0.097517 4.610154 128 155 138
0.573092 -0.089930 4.601945 245 242 197
0.582068 -0.177561 4.660449 237 240 223
0.577308 -0.107505 4.618896 0 10 0
0.578293 -0.111626 4.625615 0 20 0
0.609527 0.271967 4.865575 54 82 57
0.601119 0.209021 4.804110 71 92 73
0.577712 -0.047903 4.587321 11 52 22
0.603721 0.181503 4.782069 78 96 74
0.581074 -0.079811 4.568622 22 63 85
0.585290 -0.110068 4.621968 0 20 0
0.581141 -0.016880 4.572164 220 242 193
0.584498 -0.048704 4.587163 220 254 255
0.609989 0.186551 4.788344 63 81 67
0.590972 -0.133057 4.631289 255 250 228
0.640128 0.232624 4.989386 76 100 74
0.594871 -0.145902 4.642915 118 154 92
0.594871 -0.145902 4.642915 118 154 92
0.596550 -0.164977 4.651458 242 245 224
0.613956 0.140592 4.752108 72 93 74
0.610810 0.133184 4.734806 55 76 57
0.596085 -0.073106 4.598840 13 25 39
0.595251 -0.043166 4.584077 223 243 215
0.599251 -0.089764 4.608662 236 233 224
0.640988 0.247394 4.905900 179 197 171
0.606792 -0.110347 4.625271 15 22 15
0.608336 -0.111604 4.616082 15 22 15
0.601697 -0.029670 4.570985 252 247 218
0.635335 0.207964 4.810761 77 102 73
0.611783 -0.128775 4.636602 0 3 0
0.608221 -0.077573 4.593604 76 82 78
0.647811 0.300154 4.877077 143 166 140
0.616665 -0.157001 4.635073 57 124 80
0.647609 0.278891 4.861410 154 178 154
0.614257 -0.081581 4.604586 173 195 206
0.618166 0.045287 4.622489 115 129 112
0.623837 -0.174753 4.652539 246 243 226
0.674281 0.249633 5.013687 156 181 152
0.648959 0.234374 4.830088 60 83 63
0.619549 -0.096902 4.606375 248 245 230
0.621110 -0.079660 4.602266 45 73 77
0.630051 -0.139131 4.635235 2 13 7
0.621387 -0.014315 4.575882 255 255 243
0.628920 -0.137101 4.638155 70 76 72
0.663592 0.292087 4.873889 174 198 174
0.653542 0.136374 4.763713 81 102 83
0.651073 0.129996 4.748181 58 85 66
0.637534 -0.093093 4.609012 210 235 239
0.640617 -0.108662 4.617533 216 245 223
0.640915 -0.108783 4.612518 216 245 223
0.673855 0.271572 4.858252 175 201 174
0.638746 -0.071353 4.590010 177 196 177
0.636677 -0.070373 4.555238 177 196 177
0.646841 -0.174638 4.646736 153 199 153
0.685209 0.277867 4.881655 74 97 77
0.681710 0.279434 4.863253 66 89 69
0.647838 -0.104265 4.614675 241 255 157
0.706634 0.236763 5.002946 83 107 83
0.682531 0.256665 4.847840 76 100 76
0.652287 -0.107892 4.606709 26 50 14
0.708461 0.228132 4.999382 56 80 58
0.659535 -0.163038 4.647314 227 243 230
0.699120 0.160996 4.902409 144 158 132
0.682540 0.188095 4.796969 66 87 68
0.656059 -0.059580 4.590540 91 133 87
0.693406 0.260412 4.852046 75 102 87
0.658068 -0.071872 4.593784 244 237 221
0.694799 0.216466 4.842357 59 82 64
0.710010 0.216612 4.961530 59 82 64
0.688798 0.191685 4.808957 195 219 195
0.708080 0.176402 4.927326 189 210 191
0.677382 0.109321 4.726148 104 121 105
0.707532 0.169970 4.921396 70 92 71
0.687845 0.175317 4.796844 70 92 71
0.706472 0.234411 4.905581 183 207 185
0.672545 -0.179976 4.660719 236 236 226
0.663372 -0.078177 4.560994 235 237 226
0.715127 0.248441 4.911648 171 195 161
0.693575 0.092631 4.728425 96 110 93
0.709629 0.264300 4.855187 68 93 71
0.713822 0.225542 4.850777 164 184 157
0.717650 0.222680 4.899513 189 210 179
0.672981 -0.079046 4.593402 117 150 105
0.673148 -0.079138 4.593392 117 150 105
0.684754 -0.203110 4.653545 248 255 223
0.678752 -0.092429 4.596938 248 249 207
0.698517 -0.183636 4.653391 107 113 99
0.694351 -0.114630 4.620238 234 235 191
0.735924 0.295574 4.892491 60 83 65
0.706122 -0.197590 4.676850 107 126 98
0.694489 -0.098370 4.596359 75 90 61
0.698907 0.031699 4.618243 85 103 87
0.725481 0.133226 4.765011 73 96 78
0.741021 0.184355 4.825902 63 86 66
0.714614 -0.197939 4.649759 20 32 18
0.726376 -0.250499 4.695306 86 109 91
0.715471 -0.133942 4.597464 45 78 47
0.749243 0.209501 4.826748 75 99 73
0.756230 0.210017 4.840454 189 208 176
0.732471 -0.248775 4.701319 240 233 217
0.753006 0.191769 4.813813 205 224 194
0.735233 -0.250185 4.690533 217 224 180
0.772766 0.174826 4.922497 206 219 193
0.734248 -0.213975 4.684427 229 221 210
0.758007 0.211002 4.827212 193 213 188
0.738601 -0.208070 4.667141 61 72 58
0.764060 0.210347 4.831861 204 222 198
0.763812 0.199034 4.822920 202 217 198
0.745990 -0.263214 4.700515 20 36 25
0.751830 -0.286471 4.719811 21 35 38
0.773590 0.199386 4.843683 88 113 91
0.748936 -0.219159 4.681202 13 23 0
0.748153 -0.220852 4.674151 13 23 0
0.769621 0.194657 4.820124 68 92 70
0.738134 -0.139937 4.608463 235 226 217
0.754788 -0.263248 4.709378 86 121 114
0.771455 0.188455 4.815767 193 217 191
0.765556 0.147931 4.779861 77 95 79
0.782778 0.175002 4.875340 200 218 194
0.764042 0.101047 4.739212 64 87 61
0.774230 0.109583 4.802413 211 225 210
0.771646 0.130722 4.776753 217 230 210
0.777039 0.206774 4.828201 74 102 77
0.755906 -0.230281 4.687782 212 234 195
0.774709 0.177078 4.805653 90 112 89
0.762428 -0.290378 4.721695 225 228 199
0.759469 -0.289186 4.709374 225 228 199
0.752141 -0.173233 4.653380 221 229 214
0.752141 -0.173233 4.653380 221 229 214
0.774034 0.161688 4.795126 200 218 194
0.777227 0.129277 4.775061 217 235 213
0.780823 0.089549 4.801120 225 233 210
0.780084 0.156864 4.791269 162 181 159
0.770572 0.096581 4.726147 50 67 48
0.776511 0.127382 4.760911 192 211 192
0.787750 0.121221 4.816353 192 211 192
0.775651 0.110528 4.743726 80 101 86
0.775653 -0.311244 4.729056 226 243 224
0.778214 0.114825 4.749129 223 228 208
0.775532 -0.294851 4.714062 57 65 54
0.782156 -0.322297 4.733726 230 232 211
0.768335 -0.176426 4.653173 236 235 217
0.790232 0.124601 4.779071 209 223 198
0.784895 0.110197 4.744239 75 97 76
0.788169 0.123685 4.757554 89 112 94
0.770607 -0.158056 4.641513 225 231 205
0.794938 0.076581 4.749575 89 103 86
0.793604 -0.312305 4.726211 90 107 88
0.792724 0.088536 4.724653 93 108 87
0.793032 0.075613 4.692819 90 108 94
0.800425 -0.323169 4.747063 95 101 87
0.843058 0.188033 4.823863 185 204 172
0.821206 -0.225780 4.683282 73 97 75
0.820659 -0.224888 4.685349 73 97 75
0.849273 0.187622 4.825304 185 209 187
0.871077 0.183923 4.902047 184 209 180
0.867996 -0.596574 4.857743 28 60 36
0.869569 -0.595125 4.852754 28 60 36
0.904557 -0.527442 4.819971 196 175 48
0.904557 -0.527442 4.819971 197 168 48
0.918260 -0.490763 4.830062 220 186 63
0.922372 -0.501292 4.834148 14 43 15
0.921523 -0.501030 4.832159 14 43 15
0.929126 -0.519001 4.821253 33 48 5
0.933400 -0.574032 4.832253 36 60 36
0.939831 0.097621 4.816855 205 219 194
0.917558 -0.267709 4.693390 17 51 26
0.920804 -0.268011 4.702056 17 51 26
0.939875 0.109998 4.783076 221 223 212
0.941957 -0.483092 4.799632 28 69 37
0.933335 0.047547 4.730055 213 215 194
0.931388 0.045245 4.709456 213 215 194
0.954476 -0.511733 4.809980 197 176 67
0.948247 0.125970 4.782748 220 228 204
0.940558 -0.351214 4.738327 209 197 53
0.943154 0.089759 4.756927 81 99 83
0.943211 -0.317413 4.725341 211 182 64
0.943211 -0.317413 4.725341 211 182 64
0.957255 -0.468161 4.789054 10 36 9
0.947456 0.077517 4.742648 88 105 86
0.949386 0.073294 4.745737 88 105 86
0.962635 -0.481393 4.797324 198 176 56
0.984354 0.119520 4.904058 219 229 204
0.963227 -0.462405 4.785622 210 189 61
0.946199 -0.312239 4.711902 26 45 25
0.947146 -0.313664 4.714871 26 45 25
0.948391 -0.284137 4.712360 211 173 50
0.945708 -0.284211 4.701282 211 173 50
0.972006 0.096448 4.824109 222 224 202
0.964712 0.121741 4.787979 88 110 87
0.967823 0.116154 4.800929 88 110 87
0.968607 -0.442880 4.777102 202 184 56
0.958591 -0.308671 4.729400 28 59 28
0.974367 0.101087 4.794453 92 114 93
0.966477 0.090948 4.769510 77 99 78
0.973614 0.125199 4.795550 220 217 200
0.961115 -0.314250 4.720572 0 17 7
0.960086 0.060619 4.722689 209 212 193
0.981896 0.106479 4.793866 228 227 209
0.960633 -0.341850 4.700527 195 201 141
0.976456 0.102233 4.772696 215 216 198
0.980659 -0.392035 4.774301 215 190 61
1.000525 0.079301 4.850450 221 224 207
0.972602 0.059372 4.725343 80 99 80
0.986681 0.113166 4.786717 230 233 216
0.987704 0.107889 4.790073 230 233 216
1.009928 0.091891 4.861273 69 92 76
0.976201 0.046868 4.708907 220 218 205
0.997514 0.123199 4.799834 228 222 206
0.995378 0.059721 4.777785 216 218 204
0.985460 -0.317138 4.721652 0 16 0
0.989299 -0.323240 4.722475 205 178 45
0.995318 -0.292882 4.700011 207 183 51
1.002873 0.069779 4.736921 216 215 197
1.022257 0.051022 4.794089 214 226 206
1.011547 0.056030 4.730870 213 217 200
1.020323 0.042766 4.747070 207 219 195
1.052384 -0.320597 4.726155 234 233 213
1.081081 -0.285057 4.690154 22 62 28
1.125460 -0.349080 4.725202 30 59 31
1.126690 -0.351288 4.723980 30 59 31
1.131293 -0.301963 4.699852 30 69 40
1.160321 0.039644 4.772250 12 29 19
1.224370 0.080700 4.745524 219 220 204
-0.889170 0.114081 4.885328 40 40 32
-0.921359 0.108881 4.891791 75 76 62
-0.917988 0.095260 4.889503 230 229 209
-0.914471 0.110772 4.888113 209 210 194
-0.924216 0.060094 4.912796 222 223 209
-0.912893 0.057063 4.903731 10 11 0
-0.924403 0.056194 4.914479 10 11 0
-0.909464 0.077201 4.911972 130 132 121
-0.903434 0.083872 4.887279 42 44 33
-0.921363 0.065110 4.913509 218 218 208
-0.904416 0.098292 4.886858 41 41 33
-0.925326 0.024021 4.930160 9 12 5
-0.900563 0.095325 4.884109 65 67 54
-0.828656 0.061361 4.625363 217 220 201
-0.907078 0.087043 4.896927 26 27 22
-0.925574 0.007519 4.938522 52 52 40
-0.899619 0.089887 4.891771 226 227 211
-0.831679 0.117312 4.748566 56 53 46
-0.880303 0.071647 4.900479 226 227 221
-0.894070 0.074316 4.891165 226 227 221
-0.828772 0.008916 4.648775 204 210 196
-0.880028 0.117910 4.870439 237 240 229
-0.851864 0.116114 4.807578 237 240 229
-0.928529 -0.031834 4.962200 32 33 27
-0.896754 0.054283 4.901998 233 235 224
-0.794186 0.104948 4.576815 220 223 212
-0.885948 0.106555 4.881111 220 223 212
-0.917514 -0.023312 4.949568 216 215 197
-0.868992 0.116404 4.867190 50 55 48
-0.880232 0.107800 4.877173 51 57 47
-0.792551 0.100460 4.587584 69 75 65
-0.896234 0.027733 4.919111 58 59 53
-0.865320 0.101306 4.870414 67 69 55
-0.888793 0.035935 4.911482 216 218 205
-0.886624 0.050546 4.903876 36 36 26
-0.916169 -0.050846 4.969029 3 4 0
-0.860789 0.045225 4.906108 66 67 59
-0.819783 0.029861 4.760995 67 69 58
-0.860149 -0.009671 4.875577 228 231 210
-0.860164 -0.009672 4.875628 228 231 210
-0.902535 -0.061186 4.968234 3 3 3
-0.893886 -0.066155 4.963580 212 215 208
-0.894010 -0.066439 4.963590 212 215 208
-0.879014 -0.112567 4.980183 31 56 35
-0.868020 -0.111913 4.974621 31 56 35
-0.888718 -0.237195 5.055055 31 58 41
-0.859917 -0.248972 4.993500 199 208 189
-0.885665 -0.304175 5.085583 49 66 48
-0.885665 -0.304175 5.085583 49 66 48
-0.772625 -0.233081 4.748263 228 231 212
-0.860308 -0.337133 5.053687 63 86 60
-0.880905 -0.343280 5.113244 63 86 60
-0.885784 -0.362096 5.124124 52 70 48
-0.885784 -0.362096 5.124124 52 70 48
-0.878807 -0.350525 5.114464 185 205 178
-0.872026 -0.401155 5.135159 196 200 177
-0.857292 -0.340618 5.105524 189 209 182
-0.770667 -0.315400 4.795313 189 209 182
-0.818628 -0.244668 5.030906 215 228 211
-0.835620 -0.304903 5.069662 56 75 53
-0.845096 -0.384118 5.110180 31 59 37
-0.809816 -0.256314 5.035877 215 220 197
-0.789691 -0.241930 4.978671 208 207 187
-0.814219 -0.280093 5.061674 211 214 193
-0.855489 -0.444333 5.159659 44 69 47
-0.834918 -0.375611 5.113917 62 83 66
-0.846218 -0.432062 5.147043 43 76 45
-0.825506 -0.432007 5.137344 192 206 191
-0.827327 -0.448015 5.155684 201 199 187
-0.783146 -0.310921 5.063807 226 225 207
-0.507332 0.196215 4.882183 178 195 177
-0.462955 0.153781 4.829443 70 88 64
-0.568729 -0.429196 5.091736 220 218 206
-0.518920 -0.435200 4.857536 217 216 198
-0.452311 0.172017 4.866257 35 57 34
-0.574017 -0.465263 5.140438 11 44 17
-0.506423 -0.251669 4.999341 25 60 30
-0.512107 -0.499019 4.888411 23 55 31
-0.375048 0.149391 4.601915 192 217 187
-0.498081 -0.392035 5.077369 228 229 213
-0.397196 -0.119304 4.913733 20 54 27
-0.389640 -0.100434 4.901178 24 61 30
-0.354705 -0.100732 4.836463 33 61 36
-0.279479 0.132897 4.835103 199 219 192
-0.271102 0.243109 4.945033 68 84 71
-0.359253 -0.337150 5.050651 224 225 209
-0.305870 -0.189655 4.892411 6 45 16
-0.370894 -0.431752 5.103742 26 56 32
-0.373097 -0.491717 5.130466 27 61 34
-0.327095 -0.279093 5.013185 36 66 38
-0.322724 -0.275602 5.002747 36 66 38
-0.329403 -0.303696 5.023129 33 66 39
-0.331517 -0.324621 5.044482 30 63 42
-0.339390 -0.493097 5.136739 227 228 212
-0.167162 0.117523 4.757705 57 81 57
-0.179426 0.132263 4.829865 47 71 47
-0.277765 -0.452497 5.111805 218 225 207
-0.275268 -0.450858 5.109647 218 225 207
-0.217828 -0.177294 4.948997 216 229 203
-0.238071 -0.493152 4.996312 228 229 211
-0.176784 -0.137410 4.917072 225 234 217
-0.073271 0.111490 4.607414 53 76 50
-0.188500 -0.405488 5.056975 229 230 214
-0.127139 -0.180569 4.957601 234 235 221
-0.064843 0.106489 4.822443 25 50 21
-0.063576 0.102160 4.825304 195 220 190
-0.161205 -0.513583 5.123192 230 231 215
-0.036442 0.106759 4.830385 195 210 187
-0.119416 -0.416905 5.081691 228 231 214
-0.080705 -0.236334 4.976763 211 226 205
-0.074332 -0.414373 4.845470 32 48 22
-0.091271 -0.382850 5.063486 27 47 10
-0.086189 -0.357714 5.046596 31 56 24
-0.094755 -0.424613 5.082222 11 37 2
-0.096195 -0.426294 5.084651 11 37 2
-0.095885 -0.450173 5.090546 214 222 209
-0.050344 -0.360284 4.817491 45 63 39
-0.084398 -0.400254 5.072027 29 45 19
-0.095116 -0.474538 5.111156 94 124 96
-0.063396 -0.306386 5.004936 154 180 151
-0.039423 -0.173347 4.931561 14 23 6
0.028591 0.097177 4.608129 171 193 172
-0.046478 -0.225425 4.968359 206 224 200
-0.073587 -0.384235 5.060086 25 46 15
-0.064401 -0.343237 5.032964 14 34 9
-0.083295 -0.462525 5.095691 31 58 23
-0.042522 -0.367872 4.823605 27 58 24
-0.077059 -0.432375 5.085552 223 228 206
-0.050387 -0.433329 4.855385 224 231 215
-0.066125 -0.366165 5.047269 24 47 19
-0.063230 -0.363812 5.037827 24 47 19
-0.065374 -0.387672 5.057783 34 59 29
-0.063571 -0.381090 5.056580 17 43 8
-0.080642 -0.475988 5.119809 16 47 16
-0.071325 -0.446007 5.088857 199 222 196
-0.042899 -0.424131 4.851073 199 222 196
-0.017700 -0.145465 4.909650 11 26 3
-0.087123 -0.555071 5.143293 228 231 214
-0.064222 -0.413726 5.077524 24 51 20
-0.067518 -0.456952 5.097727 217 225 212
-0.031153 -0.410440 4.844097 232 233 219
-0.014660 -0.184231 4.932955 6 32 0
-0.068139 -0.505929 5.118112 32 57 27
0.000629 -0.184595 4.869093 217 228 212
-0.022932 -0.429599 4.849208 230 231 217
-0.030444 -0.332751 5.021556 80 103 77
0.025662 -0.173162 4.711038 235 236 220
0.015654 -0.110773 4.884609 32 52 25
0.025327 -0.121223 4.822158 230 236 222
0.044423 0.103455 4.835234 42 62 37
0.026810 -0.084878 4.859613 236 240 226
0.016039 -0.141984 4.904649 28 53 23
0.064240 0.100778 4.763347 68 87 65
-0.015751 -0.520133 4.892215 204 222 200
0.032714 -0.118730 4.877592 37 63 34
-0.036260 -0.543814 5.128359 35 60 30
0.036505 -0.131099 4.894699 219 240 221
0.067316 0.095331 4.832071 200 225 203
0.042727 -0.108033 4.878906 14 35 2
0.057033 -0.092093 4.784792 24 39 18
0.044062 -0.124408 4.888062 221 240 218
-0.001151 -0.416628 5.071741 233 234 218
-0.032444 -0.635849 5.163882 23 49 24
0.064683 -0.082668 4.837140 2 14 0
0.019461 -0.342448 5.012270 34 40 0
-0.018025 -0.564804 5.137959 68 92 60
-0.016132 -0.562161 5.124490 68 92 60
0.051814 -0.135284 4.894896 170 186 157
0.061477 -0.097755 4.862323 241 255 237
0.064578 -0.072117 4.851818 235 248 228
0.056088 -0.124073 4.889853 240 254 228
0.067745 -0.076298 4.852236 226 234 213
0.089667 -0.079459 4.691943 20 42 6
0.078559 -0.099248 4.846910 0 15 0
0.045430 -0.284106 4.995599 244 234 185
0.048248 -0.407312 4.840693 19 42 13
0.084417 -0.092200 4.853074 2 27 0
0.044421 -0.471652 4.864652 230 231 215
0.086468 -0.104060 4.864674 32 52 25
0.085936 -0.094782 4.864011 223 252 204
0.037351 -0.463094 5.025957 35 50 29
0.032709 -0.602451 4.923741 25 54 32
0.014572 -0.622464 5.091077 25 54 32
0.035441 -0.458838 5.087884 7 24 6
0.046693 -0.494592 5.100213 0 8 7
0.055434 -0.590195 4.916563 25 57 33
0.089229 -0.330034 4.940884 12 18 8
0.114342 -0.128274 4.881144 233 234 216
0.066558 -0.443667 5.077422 16 30 17
0.065464 -0.495853 5.104058 5 15 4
0.080585 -0.407575 5.056259 106 142 80
0.105222 -0.309870 4.939697 9 22 13
0.162914 0.294723 4.956889 74 95 76
0.091615 -0.537825 5.051688 158 199 155
0.145023 -0.180510 4.912264 222 237 178
0.144088 -0.295190 4.777421 0 2 0
0.161448 -0.095325 4.848352 86 100 83
0.146719 -0.188283 4.917380 9 14 10
0.146736 -0.188006 4.917337 9 14 10
0.122553 -0.367442 5.031424 2 9 1
0.184538 0.258704 5.085017 197 220 200
0.097627 -0.619910 5.093634 44 77 34
0.173583 -0.126629 4.798570 192 212 163
0.164584 -0.131151 4.878108 192 212 163
0.123068 -0.427310 5.048486 87 128 72
0.181619 0.317338 5.232801 170 193 175
0.162652 -0.234075 4.948373 191 190 170
0.126221 -0.481364 5.105567 10 42 18
0.165336 -0.261093 4.956383 4 9 3
0.125957 -0.671507 4.946093 224 222 209
0.122915 -0.575190 5.136303 116 142 103
0.126911 -0.563646 5.122433 21 40 10
0.158579 -0.348863 5.019147 77 122 67
0.144962 -0.458947 5.077424 45 73 35
0.144004 -0.477299 5.077455 66 94 53
0.151322 -0.468891 5.010862 66 94 53
0.202902 -0.097829 4.837381 130 150 139
0.176801 -0.263014 4.963037 15 22 14
0.155893 -0.567633 4.904908 160 200 147
0.170909 -0.460293 4.925346 137 181 128
0.148052 -0.551926 5.097754 16 32 6
0.213604 -0.128027 4.847001 242 255 235
0.193175 -0.259685 4.965473 6 13 5
0.136650 -0.734127 5.175995 223 222 204
0.226452 -0.115414 4.842862 239 240 226
0.218501 -0.193064 4.895581 20 31 14
0.224124 -0.212411 4.919791 143 155 131
0.171220 -0.610275 5.123541 46 59 49
0.233425 -0.229317 4.912155 214 224 197
0.238331 -0.203560 4.905851 56 68 58
0.214225 -0.387182 5.021136 0 1 4
0.249048 -0.138810 4.866820 233 248 215
0.188661 -0.633835 5.140814 13 27 10
0.188335 -0.635850 5.143280 13 27 10
0.196056 -0.663657 5.144210 185 203 181
0.203021 -0.620458 5.130733 91 129 68
0.249698 -0.267952 4.948641 43 52 49
0.274414 -0.102800 4.832551 232 243 229
0.281285 -0.117284 4.823112 1 9 0
0.246424 -0.363410 5.007620 211 213 189
0.204866 -0.732047 5.179601 121 154 137
0.292211 -0.130105 4.846070 176 223 189
0.326319 0.253557 4.939216 70 94 70
0.298171 -0.149067 4.844858 102 148 101
0.302618 -0.123358 4.835189 196 218 197
0.247740 -0.587885 5.086158 190 243 255
0.307579 -0.156296 4.679449 4 12 0
0.236375 -0.660143 5.141111 86 114 65
0.333115 0.244686 5.079076 185 203 181
0.248316 -0.640134 5.075191 53 69 42
0.239352 -0.690092 5.153795 41 52 46
0.289874 -0.356409 4.968336 206 204 192
0.301544 -0.343480 4.794615 227 228 214
0.299304 -0.354436 4.907641 0 2 0
0.345676 0.269660 5.180627 67 91 69
0.291157 -0.401983 5.002381 4 19 0
0.336066 -0.071519 4.794420 6 18 8
0.265028 -0.647897 5.074936 99 71 57
0.331101 -0.167688 4.684988 224 255 255
0.298879 -0.351382 4.986681 244 242 227
0.354527 0.321462 5.256687 65 89 63
0.261925 -0.686877 5.145328 26 39 29
0.370292 0.292770 4.900216 144 168 142
0.307381 -0.356554 4.985011 244 245 229
0.342470 -0.088188 4.809276 0 8 0
0.350556 -0.101635 4.793120 152 182 144
0.313747 -0.340964 4.976646 72 69 64
0.347799 -0.134339 4.771140 55 37 27
0.345491 -0.130984 4.832071 119 118 36
0.321473 -0.309069 4.962360 44 45 39
0.332004 -0.310945 4.774543 27 26 22
0.323981 -0.346805 4.913727 226 228 214
0.353387 -0.095053 4.812115 161 188 133
0.321523 -0.359014 4.984099 104 102 89
0.371577 -0.045771 4.704105 223 231 210
0.374559 -0.033748 4.694998 247 244 237
0.289346 -0.752191 4.982475 217 215 200
0.401618 0.223070 4.809856 63 84 65
0.388863 0.278346 5.208180 69 92 72
0.343641 -0.309830 4.885731 0 0 0
0.366174 -0.135747 4.832268 170 196 167
0.360105 -0.278402 4.750818 14 14 6
0.361372 -0.246969 4.836668 5 6 1
0.357256 -0.409700 4.822451 226 253 220
0.347529 -0.428076 5.014028 226 253 220
0.396745 -0.067051 4.787289 19 23 9
0.388146 -0.211555 4.711448 236 239 220
0.382009 -0.220767 4.888330 236 239 220
0.409102 -0.083178 4.621282 194 225 181
0.353420 -0.562346 5.078482 41 50 33
0.395919 -0.218934 4.886951 213 222 219
0.403046 -0.248998 4.892370 18 19 14
0.410491 -0.233809 4.722296 225 226 218
0.410491 -0.233809 4.722296 225 226 218
0.408158 -0.259025 4.918937 16 18 4
0.429368 -0.182883 4.852490 214 234 235
0.366526 -0.773442 5.168153 221 218 213
0.453134 -0.103099 4.790834 0 8 0
0.390249 -0.743941 5.089505 63 100 66
0.454148 -0.164253 4.840831 91 91 91
0.454156 -0.164246 4.840830 91 91 91
0.428774 -0.452719 4.840216 26 60 27
0.469394 -0.103438 4.628441 1 11 2
0.504164 0.209418 5.102511 67 89 76
0.519079 0.292110 5.225542 59 82 62
0.483306 -0.154276 4.815871 6 11 4
0.494485 -0.086079 4.763163 34 45 73
0.454367 -0.528688 4.867359 6 8 5
0.495468 -0.129307 4.798197 237 239 238
0.463200 -0.466256 5.008527 226 229 222
0.471050 -0.437481 4.937009 23 24 18
0.536170 0.298719 5.232688 171 192 173
0.502973 -0.134845 4.790787 19 23 9
0.507177 -0.099653 4.764364 103 149 123
0.496453 -0.247783 4.884917 253 250 241
0.517329 -0.083683 4.760717 118 119 88
0.547461 0.294356 5.228866 167 190 162
0.514777 -0.141768 4.805270 36 47 43
0.550048 0.247983 4.979022 60 86 61
0.529367 -0.086719 4.757618 66 78 76
0.506972 -0.303979 4.915306 28 30 25
0.532041 -0.150375 4.655840 239 241 220
0.534704 -0.122841 4.769366 0 6 0
0.567284 0.231993 4.877072 180 204 180
0.517882 -0.314691 4.918480 187 194 200
0.542803 -0.089071 4.758973 16 48 33
0.574524 0.228450 5.134072 198 222 198
0.554753 -0.101076 4.761754 162 202 202
0.538206 -0.271220 4.886738 28 28 28
0.539495 -0.281267 4.891185 6 3 0
0.594393 0.266052 5.193995 180 204 178
0.565766 -0.082373 4.736922 5 24 31
0.565016 -0.086600 4.751405 33 61 72
0.556233 -0.230038 4.845177 238 242 251
0.570331 -0.105832 4.759108 0 14 0
0.608379 0.243314 4.883255 177 200 174
0.576425 -0.073924 4.728007 217 222 218
0.608526 0.225762 4.902032 77 98 81
0.619401 0.270352 4.914147 161 186 157
0.581534 -0.106666 4.759770 40 54 39
0.588108 -0.074171 4.729556 85 112 67
0.587264 -0.115855 4.768472 69 89 52
0.635865 0.272593 5.167203 70 94 70
0.603140 -0.038629 4.697037 204 237 226
0.638621 0.281707 5.182522 167 192 160
0.602355 -0.078402 4.735494 233 255 209
0.637319 0.227600 4.888920 76 100 74
0.651291 0.253485 5.179266 59 82 64
0.614956 -0.146162 4.641974 53 107 94
0.621838 -0.091158 4.739569 154 189 135
0.665817 0.209110 4.855825 66 92 67
0.634264 -0.082816 4.739210 241 250 233
0.686766 0.310686 5.247887 167 192 162
0.651441 -0.102198 4.739358 235 240 220
0.697890 0.264653 5.192020 201 220 192
0.654446 -0.125502 4.753747 39 72 53
0.660692 -0.090598 4.652437 247 246 228
0.650830 -0.194421 4.673305 236 237 221
0.695296 0.228576 4.976642 85 109 87
0.658776 -0.159336 4.701893 213 252 249
0.665081 -0.178769 4.790997 237 246 215
0.671896 -0.108342 4.735024 19 28 0
0.679085 -0.098876 4.605543 15 20 0
0.688380 -0.091821 4.729584 251 243 134
0.696050 -0.100704 4.718973 75 90 61
0.702424 -0.140344 4.755097 28 23 0
0.701708 -0.135560 4.678177 28 23 0
0.699630 -0.224612 4.815563 239 241 217
0.706091 -0.168914 4.698663 206 245 200
0.720306 -0.175005 4.764493 205 245 210
0.716900 -0.207863 4.675138 65 82 63
0.731006 -0.206961 4.800522 219 237 211
0.730272 -0.265124 4.711864 234 233 215
0.751121 -0.239103 4.815318 78 101 73
0.751003 -0.214953 4.798671 231 255 229
0.764186 -0.152118 4.744132 50 55 51
0.761401 -0.317248 4.870380 112 137 116
0.762383 -0.241422 4.692669 214 240 229
0.763080 -0.323700 4.867643 228 230 191
0.773279 -0.268806 4.835036 195 205 181
0.775515 -0.264282 4.829023 57 83 36
0.791798 -0.224108 4.811108 226 232 204
0.865353 0.185368 4.953054 88 112 90
0.852087 -0.308088 4.721545 230 229 211
0.911162 -0.549403 4.799567 45 71 36
0.926965 -0.539470 4.983921 22 55 26
0.926494 -0.582691 5.004704 29 55 30
0.934864 -0.540964 4.975720 204 171 55
0.932327 -0.500470 4.831373 201 181 46
0.951283 -0.361030 4.872776 209 197 53
0.953712 -0.345208 4.704611 0 5 0
0.966741 -0.315165 4.830840 28 59 28
0.963475 -0.456902 4.937675 30 65 35
0.963325 -0.457050 4.937777 30 65 35
0.965615 -0.322092 4.707322 218 190 54
0.976093 -0.308240 4.685358 11 39 14
1.053244 0.139056 5.082333 67 90 70
0.993581 -0.319965 4.841344 38 67 37
0.983665 -0.312792 4.725421 38 67 37
0.993088 -0.576177 4.806797 221 224 205
1.005038 -0.608285 5.011420 221 224 205
1.023436 -0.539706 4.953506 228 227 207
1.025837 -0.443877 4.918383 230 232 211
1.025837 -0.443877 4.918383 230 232 211
1.025502 -0.567754 4.981255 37 66 38
1.039207 -0.507573 4.938104 34 72 47
1.066890 -0.513055 4.950671 228 227 207
1.066890 -0.513055 4.950671 228 227 207
1.073332 -0.452218 4.754287 28 67 38
1.075487 -0.373823 4.862024 36 76 41
1.057519 -0.550896 4.795119 29 62 35
1.081234 -0.390751 4.888157 21 56 26
1.065164 -0.522270 4.835333 24 60 34
1.087393 -0.507349 4.951947 27 60 31
1.086777 -0.609650 5.006834 214 216 202
1.091379 -0.385562 4.818296 235 234 214
1.083031 -0.406713 4.729030 33 67 40
1.083874 -0.427105 4.738425 31 68 35
1.096823 -0.555773 4.939150 225 227 206
1.097631 -0.533361 4.959099 226 225 204
1.097640 -0.533355 4.959098 226 225 204
1.105667 -0.510363 4.945056 222 227 204
1.102769 -0.450432 4.838725 226 228 207
1.110089 -0.459195 4.919734 226 228 207
1.121148 -0.564631 4.981503 222 223 205
1.121148 -0.564631 4.981503 222 223 205
1.121010 -0.394535 4.821753 230 235 213
1.126966 -0.372186 4.860601 233 236 215
1.125547 -0.538034 4.964317 26 63 32
1.128603 -0.450889 4.893470 33 67 40
1.130396 -0.418763 4.879567 33 63 37
1.130396 -0.418763 4.879567 33 63 37
1.121490 -0.371724 4.713801 32 55 29
1.139700 -0.603590 5.001171 215 217 195
1.140377 -0.568402 4.977408 219 220 202
1.126062 -0.505193 4.776608 197 207 182
1.149678 -0.494627 4.942356 15 50 20
1.133414 -0.495026 4.771480 62 77 46
1.133597 -0.608167 4.897870 217 218 200
1.152849 -0.536276 4.954090 220 222 200
1.171989 -0.514835 4.938015 224 226 205
1.156848 -0.347582 4.701303 15 40 18
1.159714 -0.420021 4.730245 233 232 212
1.169804 -0.363222 4.706733 234 236 214
1.221204 -0.576425 4.993397 22 57 33
1.221533 -0.432713 4.896512 16 46 20
1.236605 -0.338210 4.818307 15 51 23
1.222118 -0.401826 4.723370 230 232 211
1.248342 -0.386681 4.855876 232 234 213
1.246963 -0.559841 4.960521 24 55 24
1.234975 -0.347092 4.728292 233 235 214
1.247014 -0.583057 4.968091 221 220 200
1.252803 -0.438910 4.882220 29 67 42
1.260673 -0.375996 4.848507 33 76 46
1.248631 -0.333327 4.695459 40 79 50
1.269650 -0.576519 4.956141 30 66 38
1.274997 -0.416613 4.758148 227 230 209
1.297866 -0.395858 4.862428 227 230 211
1.302027 -0.333262 4.825254 52 81 51
1.373352 0.112711 5.019359 72 80 69
1.304774 -0.349239 4.836866 199 226 193
1.290909 -0.326583 4.713541 211 239 201
1.306452 -0.335839 4.829467 211 239 201
1.308284 -0.344163 4.825513 37 68 36
1.298980 -0.340468 4.719603 211 238 207
1.316239 -0.397153 4.860053 34 73 44
1.320462 -0.345346 4.829224 58 83 61
1.322261 -0.346433 4.840113 58 83 61
1.324562 -0.351770 4.836929 217 247 213
1.384022 0.011442 4.703379 123 118 89
-0.914984 0.093025 4.894821 222 221 201
-0.915861 0.058862 4.912432 217 220 201
-0.897814 0.078920 4.884162 0 1 0
-0.912101 0.062246 4.909413 199 201 188
-0.826383 0.043766 4.626418 19 19 9
-0.856842 0.074765 4.836966 192 193 185
-0.904599 0.077311 4.898554 192 193 185
-0.891898 0.107336 4.876140 30 31 25
-0.904516 0.069023 4.906246 215 214 209
-0.866582 0.064679 4.898245 63 64 59
-0.804175 0.075958 4.608141 199 200 194
-0.890526 0.075683 4.895625 199 200 194
-0.878502 0.110921 4.874969 231 234 227
-0.855069 0.103822 4.876542 233 235 222
-0.880390 0.077051 4.891460 60 60 50
-0.894122 0.004102 4.931887 28 30 19
-0.889338 0.012622 4.922478 226 228 215
-0.883947 -0.002883 4.934114 70 73 64
-0.878722 -0.350237 5.114460 185 205 178
-0.886704 -0.435868 5.162694 189 198 181
-0.890036 -0.450356 5.174007 195 198 177
-0.874036 -0.450766 5.160884 58 77 58
-0.736707 -0.073085 4.925537 213 217 194
-0.787669 0.439633 5.332533 71 73 68
-0.733642 -0.098163 4.937511 215 221 193
-0.642196 -0.142328 4.954853 20 64 29
-0.508444 0.157651 4.844764 38 61 35
-0.463033 0.173922 4.863001 188 210 189
-0.461433 0.147909 4.833125 203 222 200
-0.539720 -0.277875 5.029796 227 228 212
-0.421538 0.215891 4.934712 211 230 210
-0.486064 -0.280588 5.018445 228 229 213
-0.480024 -0.277975 5.012787 228 229 213
-0.446745 0.350683 5.162824 55 72 56
-0.349908 0.174490 4.818516 54 74 62
-0.474615 -0.374114 5.078098 20 45 15
-0.373341 0.225457 4.960026 49 63 48
-0.347219 0.159636 4.862089 200 221 202
-0.344863 0.305993 5.099742 62 79 61
-0.451521 -0.555751 5.193232 24 54 28
-0.293204 0.177135 4.899306 51 72 53
-0.264586 0.132564 4.838209 48 67 45
-0.320670 -0.423433 4.988453 221 221 211
-0.336356 -0.586893 5.140256 226 227 211
-0.070061 0.195121 4.966284 73 96 78
-0.048359 0.112350 4.843600 220 244 222
-0.053690 -0.243541 4.978454 213 237 215
-0.096637 -0.500745 5.122426 39 58 38
0.010932 0.095200 4.806284 163 193 167
0.039618 0.098429 4.830725 216 240 216
0.057654 0.110277 4.854197 150 175 146
0.066272 -0.093094 4.847284 220 237 219
0.030227 -0.490717 5.102726 224 222 184
0.063892 -0.434443 4.956666 71 114 61
0.139451 0.266088 5.146115 61 82 67
0.162882 0.098411 4.840414 45 66 49
0.097210 -0.271468 4.974223 130 91 34
0.104923 -0.378671 5.028472 9 21 7
0.099184 -0.381449 5.020130 0 12 0
0.125411 -0.530553 4.887283 161 193 146
0.167271 -0.176526 4.898765 30 32 19
0.142267 -0.628734 5.102827 35 67 30
0.143767 -0.491653 5.076751 51 80 52
0.142175 -0.538260 5.099325 60 72 62
0.220137 0.348946 5.286513 62 83 68
0.235092 -0.224983 4.733624 0 5 0
0.264784 0.292675 5.204886 67 88 69
0.275980 0.297625 5.218004 72 93 74
0.297897 0.298175 5.217521 176 200 176
0.299277 0.302442 5.227103 67 90 70
0.324697 0.285906 5.205634 61 82 65
0.293405 -0.135860 4.830518 18 24 22
0.319535 0.316006 5.249115 78 100 79
0.346054 0.246186 4.946879 67 89 68
0.337822 0.184326 5.041979 63 85 64
0.345945 -0.020882 4.705397 36 57 18
0.360642 0.202906 4.885627 195 213 191
0.366188 0.342250 5.287464 64 87 67
0.380691 0.280575 5.201834 64 85 68
0.329825 -0.353152 4.981505 5 3 0
0.306932 -0.646844 5.118976 101 133 84
0.288426 -0.743569 5.169952 50 76 67
0.401855 0.290909 5.119934 73 96 76
0.304920 -0.711717 5.131837 46 71 42
0.396159 -0.052326 4.774023 0 19 4
0.316209 -0.765860 5.171576 61 105 80
0.419161 0.326892 5.275868 156 180 154
0.402488 -0.155117 4.838617 2 8 0
0.447804 0.330587 5.267410 62 84 71
0.449381 0.287750 5.220572 69 91 78
0.418023 -0.245239 4.897271 224 226 212
0.462582 0.292522 5.219476 63 86 66
0.402116 -0.566917 5.018455 194 200 198
0.438674 -0.158642 4.833918 0 9 5
0.443922 -0.168004 4.842946 206 248 182
0.505339 0.309809 5.251367 61 84 64
0.505152 0.285850 5.219998 172 197 165
0.436090 -0.539038 4.878804 11 12 14
0.525933 0.264198 5.183957 67 92 71
0.517995 0.288217 5.219083 75 98 78
0.529083 0.223462 5.129475 68 91 71
0.438973 -0.733898 5.151227 111 95 44
0.527757 0.155941 5.011646 69 91 68
0.543814 0.167585 5.043832 66 85 66
0.551547 0.250469 5.171397 170 194 168
0.462914 -0.735319 5.135747 82 76 62
0.582594 0.159188 5.030430 80 102 81
0.588059 0.179822 5.068805 198 220 197
0.628588 0.247187 5.169568 60 83 63
0.649599 0.250526 5.178524 189 214 185
0.669242 0.286183 5.223988 127 151 127
0.669254 0.286180 5.223986 127 151 127
0.660159 0.194036 4.956432 66 89 73
0.667422 0.230453 5.146974 50 73 57
0.672222 0.251948 5.182718 62 88 63
0.654992 -0.060365 4.711031 63 103 50
0.782801 0.074384 4.900239 106 120 105
0.806744 0.113684 4.992117 190 205 184
0.932483 0.052907 4.876027 90 108 92
0.928483 -0.473152 4.936903 217 179 54
0.928483 -0.473152 4.936903 217 179 54
0.940793 -0.612323 4.970890 29 53 27
1.032840 0.113738 5.028164 222 223 207
1.026140 -0.600027 4.997097 26 60 33
1.047130 -0.638629 4.998165 27 61 34
1.077101 -0.537119 4.970262 24 60 34
1.089230 -0.591067 4.994426 225 224 203
1.114945 -0.590765 4.986009 26 62 34
1.136241 -0.328815 4.837689 231 234 213
1.136241 -0.328815 4.837689 231 234 213
1.148602 -0.510015 4.947360 211 219 195
1.158066 -0.420593 4.841865 22 50 27
1.200912 0.040907 4.848425 250 244 210
1.190232 -0.351821 4.856726 232 236 213
1.224225 0.023477 4.840719 242 241 211
1.192435 -0.427440 4.882376 26 56 32
1.200090 -0.485824 4.911760 30 67 36
1.251022 0.039827 4.841503 235 231 193
1.221411 -0.576474 4.993311 22 57 33
1.221521 -0.432716 4.896515 16 46 20
1.278868 0.084482 4.936472 221 221 211
1.263495 0.019659 4.856259 232 229 196
1.238809 -0.401036 4.861756 33 60 27
1.298583 0.085296 4.940202 81 88 80
1.277192 -0.657039 5.019988 25 58 31
1.342540 0.078410 4.943157 208 209 193
1.336349 0.056557 4.902161 118 124 114
1.346644 0.065761 4.807654 221 222 208
1.350942 0.019110 4.847748 106 101 71
1.326209 -0.346117 4.832912 186 221 181
1.468345 0.003336 4.841281 104 103 73
1.530812 -0.018974 4.837501 226 221 189
0.218907 0.262674 4.818767 62 83 68
0.226687 0.261514 4.824548 62 83 68
0.447105 0.298119 4.910332 62 87 66
0.475174 0.273896 4.890135 63 86 66
0.485913 0.308783 4.942372 92 118 93
0.595263 0.285715 4.926165 65 89 67
0.626022 0.112796 4.721749 86 104 88
0.704394 0.252774 4.910738 66 88 75
0.799889 0.150834 4.823674 162 181 159
0.952654 0.133822 4.928120 63 86 66
0.262217 0.260363 4.817768 59 80 65
0.617121 0.235679 4.876894 62 83 66
-0.820270 0.036618 4.588691 20 21 15
-0.812172 0.065820 4.576914 1 1 0
-0.818206 0.028046 4.588464 9 12 5
-0.797093 0.116356 4.550577 33 33 21
-0.805430 0.078744 4.567822 0 1 0
-0.823012 0.056670 4.618895 200 201 193
-0.793241 0.109344 4.555195 212 216 193
-0.804847 0.061259 4.575630 69 71 60
-0.808072 0.047733 4.581654 212 215 204
-0.810678 0.018450 4.591319 39 43 42
-0.792879 0.084561 4.562712 25 27 16
-0.796004 0.064824 4.565937 243 244 238
-0.785655 0.100379 4.560037 34 34 24
-0.778840 0.113899 4.551676 50 55 48
-0.812206 -0.038575 4.621163 184 187 178
-0.809928 -0.041253 4.622216 3 4 0
-0.789526 0.026623 4.589256 219 223 208
-0.795939 0.001686 4.601392 33 34 26
-0.795755 -0.047869 4.623851 212 213 208
-0.784714 -0.014739 4.607950 45 45 33
-0.801975 -0.060471 4.665150 72 75 68
-0.786034 -0.062201 4.631060 57 58 50
-0.779569 -0.031195 4.629989 228 229 211
-0.756028 -0.205130 4.697798 204 218 193
-0.755077 -0.205432 4.697804 204 218 193
-0.803577 -0.352550 4.813793 40 66 41
-0.779100 -0.308785 4.788557 200 215 192
-0.725621 -0.160212 4.670916 32 61 41
-0.776424 -0.362077 4.774744 217 219 198
-0.768860 -0.331128 4.761132 32 49 33
-0.771282 -0.395422 4.790909 48 75 44
-0.773359 -0.422832 4.807185 186 203 184
-0.770051 -0.402561 4.803092 191 199 175
-0.737552 -0.357739 4.772856 205 207 193
-0.738461 -0.359191 4.776372 205 207 193
-0.736246 -0.334662 4.787706 175 195 170
-0.715305 -0.369357 4.775972 42 69 50
-0.720562 -0.436147 4.812172 71 84 64
-0.583059 -0.489832 4.843017 225 223 208
-0.437909 0.164070 4.587966 184 197 177
-0.398861 0.158560 4.586775 47 59 45
-0.393264 -0.018784 4.621113 177 178 162
-0.484310 -0.505178 4.845963 21 54 25
-0.327925 0.136386 4.570849 157 185 163
-0.347902 -0.116454 4.649884 11 44 15
-0.299227 -0.179213 4.688464 222 215 205
-0.298140 -0.179156 4.682928 222 215 205
-0.299437 -0.274762 4.749331 226 229 212
-0.280062 -0.332136 4.767409 29 63 36
-0.244905 -0.478319 4.837319 29 61 37
-0.188413 -0.174795 4.707543 231 232 214
-0.146800 -0.117446 4.643755 12 48 22
-0.146860 -0.116129 4.643530 12 48 22
-0.179073 -0.510207 4.840186 28 58 34
-0.165476 -0.512744 4.852738 224 227 210
-0.033910 0.103504 4.585286 25 50 21
-0.050655 -0.217739 4.705771 26 45 17
-0.050209 -0.326964 4.760586 213 224 208
-0.060856 -0.389937 4.791476 191 213 192
-0.063403 -0.432598 4.813031 205 216 199
-0.049243 -0.344859 4.772106 35 59 33
-0.064752 -0.448734 4.817210 217 229 207
-0.050474 -0.393523 4.792851 16 49 18
-0.059465 -0.456056 4.819169 205 218 200
-0.059821 -0.433901 4.846739 225 227 213
-0.049262 -0.401418 4.797279 217 219 205
-0.055394 -0.455301 4.819117 217 234 215
-0.043896 -0.397446 4.795060 29 52 23
-0.054532 -0.486744 4.835124 33 51 25
-0.034445 -0.397046 4.824552 44 69 47
-0.031094 -0.402494 4.797362 219 228 211
-0.044806 -0.509004 4.844695 31 54 28
0.021891 -0.166386 4.673863 32 55 27
0.025439 -0.157049 4.665712 34 50 23
0.055849 -0.089577 4.629373 14 28 2
0.060198 -0.082912 4.626449 237 243 233
-0.010214 -0.537027 4.850525 220 226 216
0.068401 -0.087947 4.630627 235 255 223
0.062069 -0.129757 4.655354 217 236 217
0.003941 -0.551012 4.855728 204 227 198
0.081438 -0.072606 4.617445 22 36 11
0.080468 -0.112007 4.642653 225 237 213
0.088974 -0.080018 4.624691 41 65 31
0.093774 -0.083707 4.627288 48 73 44
0.046384 -0.404100 4.798930 4 16 0
0.062212 -0.317418 4.796603 25 58 31
0.078896 -0.273522 4.732729 73 114 35
0.098548 -0.235561 4.714130 70 25 0
0.098548 -0.235561 4.714130 70 25 0
0.086844 -0.320562 4.756566 12 28 1
0.107068 -0.197573 4.691149 201 148 104
0.123075 -0.113509 4.635667 239 240 224
0.065673 -0.500395 4.835752 56 91 37
0.077763 -0.502489 4.831579 23 47 15
0.096990 -0.381462 4.813462 29 40 26
0.140624 -0.197879 4.693664 24 19 16
0.149694 -0.314999 4.755133 11 28 10
0.121743 -0.538401 4.854108 216 222 52
0.199818 -0.044761 4.597219 247 251 128
0.173653 -0.244713 4.718202 31 30 25
0.209326 -0.272668 4.729561 0 17 0
0.182043 -0.595714 4.866190 15 29 14
0.262295 -0.059139 4.606338 24 76 40
0.289697 -0.103873 4.628876 1 2 0
0.296797 -0.107185 4.632016 214 220 206
0.296797 -0.107185 4.632016 214 220 206
0.239755 -0.595634 4.872919 21 40 21
0.257560 -0.440549 4.811498 0 21 0
0.260567 -0.429973 4.837233 0 13 0
0.230551 -0.705685 4.909234 38 58 30
0.276769 -0.416554 4.800072 103 148 81
0.268134 -0.527741 4.843242 23 43 15
0.268134 -0.527741 4.843242 23 43 15
0.338894 -0.018441 4.550430 255 255 215
0.323083 -0.144653 4.659477 159 176 142
0.336189 -0.085847 4.630814 11 12 4
0.321382 -0.342016 4.762605 2 3 0
0.291983 -0.701249 4.905361 69 87 61
0.354685 -0.227056 4.695905 215 217 212
0.396277 0.309523 4.945456 159 183 159
0.348806 -0.415066 4.795072 83 98 79
0.364081 -0.335739 4.764233 36 35 31
0.330836 -0.718497 4.915869 185 203 207
0.396464 -0.194998 4.678061 213 226 170
0.418471 -0.029927 4.575041 7 30 4
0.398272 -0.245083 4.708673 227 226 221
0.424018 -0.046694 4.589205 0 3 0
0.408821 -0.189179 4.692272 40 45 39
0.442116 0.291517 5.011891 161 183 162
0.428975 -0.062761 4.598453 128 190 127
0.409287 -0.246264 4.708217 230 234 220
0.415120 -0.238410 4.698680 223 225 211
0.427707 -0.236632 4.702532 25 25 15
0.432571 -0.234792 4.703371 21 21 11
0.440367 -0.186996 4.674370 229 230 222
0.451460 -0.097455 4.616014 22 38 28
0.406074 -0.548757 4.848993 8 9 4
0.458817 -0.081938 4.607640 148 208 255
0.416937 -0.545595 4.848660 36 39 32
0.472196 -0.218815 4.690498 222 222 212
0.517297 0.294543 4.946692 155 179 153
0.499797 -0.116579 4.626575 108 109 75
0.510461 -0.043974 4.577030 151 180 152
0.478901 -0.416648 4.790683 7 7 0
0.516104 -0.114034 4.625043 112 170 112
0.554872 0.292179 4.948433 168 190 167
0.568193 0.231910 4.911716 187 213 186
0.543331 -0.167435 4.645358 25 24 19
0.542793 -0.163658 4.649944 25 24 19
0.551583 -0.085683 4.599731 0 24 45
0.552231 -0.087067 4.604961 0 15 49
0.566619 -0.008934 4.569159 255 254 239
0.547522 -0.266574 4.712187 212 222 231
0.625521 -0.091266 4.598927 64 80 79
0.624738 -0.149855 4.634993 226 236 199
0.627547 -0.127462 4.621636 201 241 206
0.708047 -0.179132 4.663731 42 48 36
0.713837 -0.202909 4.667122 0 8 0
0.767224 -0.201805 4.653428 128 156 134
0.766600 -0.302174 4.718355 111 150 103
0.779098 -0.301590 4.718446 7 20 0
0.785515 -0.281198 4.712041 231 236 214
1.242236 -0.568817 4.818217 98 132 108
-0.780620 -0.352998 4.768419 212 215 196
-0.749191 -0.282885 4.774454 226 234 213
-0.728803 -0.417204 4.799499 188 200 178
-0.045708 -0.425315 4.845338 212 226 203
-0.025518 -0.555539 4.856744 206 218 198
0.003941 -0.551012 4.855728 204 227 198
0.158984 -0.130885 4.651272 0 2 0
0.399712 -0.588258 4.867199 219 231 219
0.458817 -0.081938 4.607640 148 208 255
0.596290 -0.158726 4.653802 253 255 192
-0.528135 -0.211436 4.699136 228 229 215
-0.437978 -0.278099 4.729603 23 51 29
-0.071073 -0.323794 4.762804 232 232 220
0.056847 -0.563816 4.865212 229 231 220
0.289747 -0.094935 4.625400 228 241 221
0.322690 -0.158131 4.646094 39 40 35
0.560470 -0.045213 4.587121 69 106 75
0.687352 0.292261 5.058508 146 171 141
-0.576808 -0.126951 4.647216 20 52 29
-0.301606 -0.206020 4.695637 222 230 207
-0.247798 0.323525 4.947778 103 120 104
-0.131919 0.114667 4.593071 198 222 200
-0.070965 0.245153 4.824677 73 94 77
-0.019591 -0.247463 4.725587 18 47 19
-0.020934 -0.577777 4.858654 224 226 212
0.286812 -0.077366 4.591889 235 237 226
0.339289 0.168532 4.814181 116 134 118
0.337280 -0.209338 4.671741 59 106 26
0.345023 -0.557778 4.846538 205 232 189
0.429684 -0.524954 4.845284 12 16 15
0.608045 -0.128227 4.630014 3 6 0
0.733684 0.224302 5.020256 164 184 157
-0.792363 -0.257876 4.749982 7 21 8
-0.712165 -0.307435 4.744051 13 30 14
-0.503049 -0.403314 4.796758 214 218 204
-0.177524 -0.511718 4.842290 29 54 35
-0.056456 -0.219890 4.732266 20 34 21
0.265785 -0.130376 4.648007 197 211 185
-0.692647 -0.240787 4.711023 7 23 12
-0.732184 -0.340756 4.788724 2 19 1
-0.491075 -0.178593 4.689966 4 32 9
-0.036191 -0.380315 4.788975 229 241 227
-0.117006 0.243428 4.787338 54 65 59
-0.345635 0.149764 4.637629 47 67 55
-0.062444 0.114649 4.630700 53 75 63
-0.808721 -0.010247 4.614943 18 18 18
-0.793393 0.016077 4.602297 216 218 205
-0.784070 0.191133 4.603782 214 213 208
-0.787632 0.186898 4.585580 42 41 39
-0.312950 -0.521927 4.804290 199 196 191
-0.164483 -0.441347 4.806808 44 57 47
-0.052828 -0.270716 4.733300 33 47 34
-0.083142 0.214041 4.843650 64 96 73
0.287079 0.055855 4.608605 132 157 136
0.345532 0.158525 4.827290 58 90 69
0.520185 0.026406 4.633233 56 88 64
0.604866 0.159349 4.882140 61 90 70
-0.799159 0.058882 4.566991 17 18 12
-0.789724 0.081639 4.566032 213 214 208
-0.806857 0.058331 4.551340 36 34 37
-0.821370 0.125039 4.597776 215 214 209
-0.782766 0.101287 4.560226 30 31 25
-0.797065 -0.000068 4.606869 23 26 19
-0.792376 -0.292154 4.725793 21 27 15
-0.768468 -0.320204 4.715299 15 23 12
-0.832717 -0.063730 4.681890 67 60 52
-0.812444 -0.043210 4.628768 198 194 183
-0.800215 -0.048792 4.634560 201 201 193
-0.746675 -0.239895 4.668949 19 22 11
-0.817119 0.020871 4.605414 60 51 42
-0.756494 -0.227282 4.730860 13 30 11
-0.782860 -0.056277 4.623793 26 19 13
-0.814923 0.049423 4.595002 93 80 72
-0.801495 0.006709 4.604064 212 204 201
-0.744803 -0.188591 4.641780 232 226 212
-0.807050 0.051447 4.588532 212 205 197
-0.796289 0.031816 4.590244 71 62 57
-0.790633 0.046252 4.590395 200 197 188
-0.803341 0.062723 4.582473 75 65 63
-0.788731 0.073019 4.577261 175 167 164
-0.884855 -0.633408 4.923187 243 231 219
-0.806872 -0.234233 4.995426 227 221 207
-0.796407 -0.151325 4.930234 249 238 206
-0.786454 -0.439894 4.807699 20 26 16
-0.778769 -0.388958 4.795268 9 25 12
-0.800507 -0.364421 4.812827 27 38 24
-0.773013 -0.351582 4.774763 222 223 209
-0.782043 -0.294223 4.765348 232 224 211
-0.753653 -0.392568 4.795506 11 24 7
-0.758230 -0.344249 4.771261 13 19 7
-0.766792 -0.312277 4.758741 23 30 14
-0.788170 -0.323694 4.793101 23 30 14
-0.751448 -0.363738 4.774864 208 225 209
-0.763052 -0.303705 4.753243 226 220 206
-0.798340 -0.250892 4.756569 223 221 206
-0.708412 -0.426899 4.808508 24 35 21
-0.726994 -0.436477 4.837676 24 35 21
-0.749508 -0.294643 4.750146 227 221 209
-0.718234 -0.348470 4.772536 22 36 19
-0.722405 -0.304413 4.748566 221 210 204
-0.707057 0.343093 5.093370 247 239 228
-0.839010 -0.046644 4.660587 198 194 183
-0.777073 -0.092662 4.668911 241 233 220
-0.726319 -0.237138 4.728485 229 234 212
-0.698064 -0.321560 4.761923 28 45 27
-0.785967 -0.039431 4.650733 61 53 51
-0.793829 -0.003358 4.642370 53 46 38
-0.794177 -0.002784 4.641109 53 46 38
-0.761557 -0.112769 4.672359 26 40 25
-0.768768 -0.078431 4.667610 33 29 20
-0.771452 -0.069230 4.663245 41 33 30
-0.777744 -0.037779 4.653802 223 223 215
-0.782772 -0.025722 4.645646 113 109 100
-0.828682 -0.028415 4.643122 44 33 31
-0.696373 -0.272521 4.745777 211 216 194
-0.774379 -0.028033 4.644605 64 56 53
-0.766351 -0.055623 4.653057 40 33 27
-0.786692 0.041201 4.625134 243 239 230
-0.778161 0.010590 4.632478 232 228 216
-0.742418 -0.096653 4.667317 236 228 215
-0.780157 0.035380 4.623919 84 77 71
-0.764381 -0.011035 4.640564 189 185 176
-0.828120 0.015815 4.621135 232 229 220
-0.772065 0.014474 4.630443 71 62 57
-0.788498 0.076630 4.611350 246 240 226
-0.763636 0.003084 4.632027 54 45 40
-0.773956 0.057473 4.621495 185 174 170
-0.773956 0.057473 4.621495 185 174 170
-0.679050 0.306929 5.000685 237 231 219
-0.780887 0.093698 4.606347 55 46 41
-0.705431 -0.156110 4.691618 14 35 16
-0.756875 0.017351 4.631935 183 180 175
-0.763995 0.034473 4.618470 63 53 52
-0.660678 -0.270674 4.749813 227 219 208
-0.684617 0.286968 4.950133 36 25 23
-0.754752 0.030108 4.624520 134 125 118
-0.692840 0.269991 4.907807 250 242 231
-0.761101 0.069775 4.618878 119 110 95
-0.606241 -0.400587 4.796275 213 206 196
-0.756583 0.082746 4.615965 137 134 127
-0.704338 0.240291 4.834170 240 233 225
-0.757029 0.084681 4.609992 185 184 180
-0.546997 -0.420096 4.770927 12 41 21
-0.491588 -0.399605 4.804881 212 202 193
-0.261544 -0.484282 4.825717 24 49 28
-0.433483 0.169651 4.746724 46 38 35
-0.238348 -0.492636 4.824225 221 207 198
-0.273054 -0.393414 4.794453 214 205 196
-0.234442 -0.476856 4.827421 20 45 23
-0.278553 -0.327416 4.772688 207 200 190
-0.415154 0.132914 4.687096 47 71 49
-0.342012 0.192597 4.831310 42 65 47
-0.219032 -0.422381 4.794463 209 202 192
-0.353406 0.145706 4.729368 29 56 37
-0.262268 -0.215691 4.714715 23 52 32
-0.296275 -0.117903 4.671584 190 203 183
-0.230573 -0.184790 4.708247 20 48 25
-0.040215 -0.534033 4.822912 217 210 200
-0.269650 0.103400 4.659595 29 41 21
-0.148083 -0.146248 4.685672 211 204 196
-0.148083 -0.146248 4.685672 211 204 196
-0.060216 -0.343953 4.760766 30 43 25
-0.221098 -0.200237 4.564364 208 198 189
-0.004063 -0.293497 4.748821 21 40 20
0.025273 -0.262288 4.717566 212 209 200
0.032143 -0.221978 4.702360 211 204 194
0.108229 -0.351608 4.760973 79 115 71
0.030411 -0.183548 4.692176 132 150 136
0.038397 -0.162442 4.680297 104 116 104
0.133444 -0.350549 4.750656 20 30 19
0.211590 -0.230312 4.707135 33 35 24
0.217111 -0.227604 4.697846 142 154 130
-0.122674 -0.021914 4.322052 142 154 130
-0.766185 -0.393818 4.753880 197 197 189
-0.796209 -0.161220 4.716043 11 18 2
-0.835580 -0.064936 4.683779 226 222 219
-0.792694 -0.048334 4.630006 244 244 244
-0.803942 0.030032 4.614580 51 47 38
-0.830320 0.043212 4.631855 10 7 0
-0.611598 -0.329356 4.617664 199 191 188
-0.803773 0.061000 4.593985 28 23 19
-0.800358 0.060508 4.592624 226 222 221
-0.802087 0.079353 4.585700 56 52 49
-0.785848 0.065061 4.589771 11 6 3
-0.789233 0.060054 4.586272 48 45 38
-0.798581 0.091493 4.578246 185 182 177
-0.779656 0.093504 4.567625 38 33 27
-0.378647 -0.175359 4.350493 193 188 184
0.169500 -0.179550 4.679484 95 102 95
0.173978 -0.134826 4.656963 26 28 17
0.159815 -0.093011 4.635885 208 199 190
0.232785 -0.066998 4.623528 92 119 100
0.270450 -0.132770 4.652334 166 170 145
0.388820 -0.230151 4.688217 44 41 34
0.331091 -0.105893 4.633032 17 24 16
0.085831 0.153123 4.222641 29 37 26
-0.786614 -0.294025 5.197180 82 88 86
-0.553424 -0.144295 4.688813 19 44 25
-0.484512 -0.194778 4.704782 28 51 33
0.038301 -0.588299 4.845253 47 65 53
0.026004 -0.180833 4.688536 74 87 77
0.029488 -0.157105 4.670632 64 78 65
0.202390 -0.167527 4.666403 39 40 32
0.468178 -0.479203 4.800297 142 152 162
0.340889 -0.318649 4.737086 170 165 161
-0.016980 0.017297 4.234392 17 17 17
